{"data":[{"Properties":{"domain":"GLACIS.CORP","name":"SQLSRV3.GLACIS.CORP","distinguishedname":"CN=SQLSRV3,CN=COMPUTERS,DC=GLACIS,DC=CORP","domainsid":"S-1-5-21-525452939-2440030252-1192466273","samaccountname":"SQLSRV3$","haslaps":false,"isaclprotected":false,"description":null,"whencreated":1644390496,"enabled":true,"unconstraineddelegation":false,"trustedtoauth":false,"isdc":false,"lastlogon":1738683177,"lastlogontimestamp":1738661410,"pwdlastset":1738662177,"serviceprincipalnames":["MSSQLSvc/sqlsrv3.glacis.corp:1433","MSSQLSvc/sqlsrv3.glacis.corp","TERMSRV/SQLSRV3","TERMSRV/sqlsrv3.glacis.corp","WSMAN/sqlsrv3","WSMAN/sqlsrv3.glacis.corp","RestrictedKrbHost/SQLSRV3","HOST/SQLSRV3","RestrictedKrbHost/sqlsrv3.glacis.corp","HOST/sqlsrv3.glacis.corp"],"email":null,"operatingsystem":"Windows Server 2019 Datacenter","sidhistory":[]},"PrimaryGroupSID":"S-1-5-21-525452939-2440030252-1192466273-515","AllowedToDelegate":[],"AllowedToAct":[],"HasSIDHistory":[],"DumpSMSAPassword":[],"Sessions":{"Results":[],"Collected":false,"FailureReason":"ErrorAccessDenied"},"PrivilegedSessions":{"Results":[],"Collected":false,"FailureReason":"ErrorAccessDenied"},"RegistrySessions":{"Results":[{"UserSID":"S-1-5-21-525452939-2440030252-1192466273-1104","ComputerSID":"S-1-5-21-525452939-2440030252-1192466273-1103"}],"Collected":true,"FailureReason":null},"LocalGroups":[],"UserRights":[{"Privilege":"SeRemoteInteractiveLogonRight","Results":[],"LocalNames":[],"Collected":false,"FailureReason":"LSAEnumerateAccountsWithUserRights returned StatusAccessDenied"}],"DCRegistryData":{"CertificateMappingMethods":null,"StrongCertificateBindingEnforcement":null},"Status":null,"IsDC":false,"DomainSID":"S-1-5-21-525452939-2440030252-1192466273","Aces":[{"PrincipalSID":"S-1-5-21-525452939-2440030252-1192466273-512","PrincipalType":"Group","RightName":"Owns","IsInherited":false},{"PrincipalSID":"GLACIS.CORP-S-1-5-32-548","PrincipalType":"Group","RightName":"GenericAll","IsInherited":false},{"PrincipalSID":"S-1-5-21-525452939-2440030252-1192466273-512","PrincipalType":"Group","RightName":"GenericAll","IsInherited":false},{"PrincipalSID":"S-1-5-21-525452939-2440030252-1192466273-512","PrincipalType":"Group","RightName":"WriteAccountRestrictions","IsInherited":false},{"PrincipalSID":"S-1-5-21-525452939-2440030252-1192466273-526","PrincipalType":"Group","RightName":"AddKeyCredentialLink","IsInherited":true},{"PrincipalSID":"S-1-5-21-525452939-2440030252-1192466273-527","PrincipalType":"Group","RightName":"AddKeyCredentialLink","IsInherited":true},{"PrincipalSID":"S-1-5-21-525452939-2440030252-1192466273-519","PrincipalType":"Group","RightName":"GenericAll","IsInherited":true},{"PrincipalSID":"GLACIS.CORP-S-1-5-32-544","PrincipalType":"Group","RightName":"WriteDacl","IsInherited":true},{"PrincipalSID":"GLACIS.CORP-S-1-5-32-544","PrincipalType":"Group","RightName":"WriteOwner","IsInherited":true},{"PrincipalSID":"GLACIS.CORP-S-1-5-32-544","PrincipalType":"Group","RightName":"GenericWrite","IsInherited":true}],"ObjectIdentifier":"S-1-5-21-525452939-2440030252-1192466273-1103","IsDeleted":false,"IsACLProtected":false,"ContainedBy":{"ObjectIdentifier":"8F4667D5-F6C5-45BF-BB2E-CAE1ACDB1230","ObjectType":"Container"}},{"Properties":{"domain":"GLACIS.CORP","name":"GLACIS-DC.GLACIS.CORP","distinguishedname":"CN=GLACIS-DC,OU=DOMAIN CONTROLLERS,DC=GLACIS,DC=CORP","domainsid":"S-1-5-21-525452939-2440030252-1192466273","samaccountname":"GLACIS-DC$","haslaps":false,"isaclprotected":false,"description":null,"whencreated":1644389646,"enabled":true,"unconstraineddelegation":true,"trustedtoauth":false,"isdc":true,"lastlogon":1738661618,"lastlogontimestamp":1738661328,"pwdlastset":1738661324,"serviceprincipalnames":["Dfsr-12F9A27C-BF97-4787-9364-D31B6C55EB04/glacis-dc.glacis.corp","ldap/glacis-dc.glacis.corp/ForestDnsZones.glacis.corp","ldap/glacis-dc.glacis.corp/DomainDnsZones.glacis.corp","TERMSRV/GLACIS-DC","TERMSRV/glacis-dc.glacis.corp","DNS/glacis-dc.glacis.corp","GC/glacis-dc.glacis.corp/glacis.corp","RestrictedKrbHost/glacis-dc.glacis.corp","RestrictedKrbHost/GLACIS-DC","RPC/1450b894-f761-4706-967d-424211db2b59._msdcs.glacis.corp","HOST/GLACIS-DC/GLACIS","HOST/glacis-dc.glacis.corp/GLACIS","HOST/GLACIS-DC","HOST/glacis-dc.glacis.corp","HOST/glacis-dc.glacis.corp/glacis.corp","E3514235-4B06-11D1-AB04-00C04FC2DCD2/1450b894-f761-4706-967d-424211db2b59/glacis.corp","ldap/GLACIS-DC/GLACIS","ldap/1450b894-f761-4706-967d-424211db2b59._msdcs.glacis.corp","ldap/glacis-dc.glacis.corp/GLACIS","ldap/GLACIS-DC","ldap/glacis-dc.glacis.corp","ldap/glacis-dc.glacis.corp/glacis.corp"],"email":null,"operatingsystem":"Windows Server 2019 Standard","sidhistory":[]},"PrimaryGroupSID":"S-1-5-21-525452939-2440030252-1192466273-516","AllowedToDelegate":[],"AllowedToAct":[],"HasSIDHistory":[],"DumpSMSAPassword":[],"Sessions":{"Results":[],"Collected":false,"FailureReason":"ErrorAccessDenied"},"PrivilegedSessions":{"Results":[],"Collected":false,"FailureReason":"ErrorAccessDenied"},"RegistrySessions":{"Results":[],"Collected":true,"FailureReason":null},"LocalGroups":[{"ObjectIdentifier":"GLACIS.CORP-S-1-5-32-549","Name":"IGNOREME","Results":[],"LocalNames":[],"Collected":true,"FailureReason":null},{"ObjectIdentifier":"GLACIS.CORP-S-1-5-32-548","Name":"IGNOREME","Results":[],"LocalNames":[],"Collected":true,"FailureReason":null},{"ObjectIdentifier":"GLACIS.CORP-S-1-5-32-554","Name":"IGNOREME","Results":[{"ObjectIdentifier":"GLACIS.CORP-S-1-5-11","ObjectType":"Group"}],"LocalNames":[],"Collected":true,"FailureReason":null},{"ObjectIdentifier":"GLACIS.CORP-S-1-5-32-557","Name":"IGNOREME","Results":[],"LocalNames":[],"Collected":true,"FailureReason":null},{"ObjectIdentifier":"GLACIS.CORP-S-1-5-32-560","Name":"IGNOREME","Results":[{"ObjectIdentifier":"GLACIS.CORP-S-1-5-9","ObjectType":"Group"}],"LocalNames":[],"Collected":true,"FailureReason":null},{"ObjectIdentifier":"GLACIS.CORP-S-1-5-32-561","Name":"IGNOREME","Results":[],"LocalNames":[],"Collected":true,"FailureReason":null},{"ObjectIdentifier":"GLACIS.CORP-S-1-5-32-544","Name":"IGNOREME","Results":[{"ObjectIdentifier":"S-1-5-21-525452939-2440030252-1192466273-500","ObjectType":"User"},{"ObjectIdentifier":"S-1-5-21-525452939-2440030252-1192466273-519","ObjectType":"Group"},{"ObjectIdentifier":"S-1-5-21-525452939-2440030252-1192466273-512","ObjectType":"Group"}],"LocalNames":[],"Collected":true,"FailureReason":null},{"ObjectIdentifier":"GLACIS.CORP-S-1-5-32-545","Name":"IGNOREME","Results":[{"ObjectIdentifier":"GLACIS.CORP-S-1-5-11","ObjectType":"Group"},{"ObjectIdentifier":"S-1-5-21-525452939-2440030252-1192466273-513","ObjectType":"Group"}],"LocalNames":[],"Collected":true,"FailureReason":null},{"ObjectIdentifier":"GLACIS.CORP-S-1-5-32-546","Name":"IGNOREME","Results":[{"ObjectIdentifier":"S-1-5-21-525452939-2440030252-1192466273-501","ObjectType":"User"},{"ObjectIdentifier":"S-1-5-21-525452939-2440030252-1192466273-514","ObjectType":"Group"}],"LocalNames":[],"Collected":true,"FailureReason":null},{"ObjectIdentifier":"GLACIS.CORP-S-1-5-32-550","Name":"IGNOREME","Results":[],"LocalNames":[],"Collected":true,"FailureReason":null},{"ObjectIdentifier":"GLACIS.CORP-S-1-5-32-551","Name":"IGNOREME","Results":[],"LocalNames":[],"Collected":true,"FailureReason":null},{"ObjectIdentifier":"GLACIS.CORP-S-1-5-32-552","Name":"IGNOREME","Results":[],"LocalNames":[],"Collected":true,"FailureReason":null},{"ObjectIdentifier":"GLACIS.CORP-S-1-5-32-555","Name":"IGNOREME","Results":[],"LocalNames":[],"Collected":true,"FailureReason":null},{"ObjectIdentifier":"GLACIS.CORP-S-1-5-32-556","Name":"IGNOREME","Results":[],"LocalNames":[],"Collected":true,"FailureReason":null},{"ObjectIdentifier":"GLACIS.CORP-S-1-5-32-558","Name":"IGNOREME","Results":[],"LocalNames":[],"Collected":true,"FailureReason":null},{"ObjectIdentifier":"GLACIS.CORP-S-1-5-32-559","Name":"IGNOREME","Results":[],"LocalNames":[],"Collected":true,"FailureReason":null},{"ObjectIdentifier":"GLACIS.CORP-S-1-5-32-562","Name":"IGNOREME","Results":[],"LocalNames":[],"Collected":true,"FailureReason":null},{"ObjectIdentifier":"GLACIS.CORP-S-1-5-32-568","Name":"IGNOREME","Results":[{"ObjectIdentifier":"GLACIS.CORP-S-1-5-17","ObjectType":"Group"}],"LocalNames":[],"Collected":true,"FailureReason":null},{"ObjectIdentifier":"GLACIS.CORP-S-1-5-32-569","Name":"IGNOREME","Results":[],"LocalNames":[],"Collected":true,"FailureReason":null},{"ObjectIdentifier":"GLACIS.CORP-S-1-5-32-573","Name":"IGNOREME","Results":[],"LocalNames":[],"Collected":true,"FailureReason":null},{"ObjectIdentifier":"GLACIS.CORP-S-1-5-32-574","Name":"IGNOREME","Results":[],"LocalNames":[],"Collected":true,"FailureReason":null},{"ObjectIdentifier":"GLACIS.CORP-S-1-5-32-575","Name":"IGNOREME","Results":[],"LocalNames":[],"Collected":true,"FailureReason":null},{"ObjectIdentifier":"GLACIS.CORP-S-1-5-32-576","Name":"IGNOREME","Results":[],"LocalNames":[],"Collected":true,"FailureReason":null},{"ObjectIdentifier":"GLACIS.CORP-S-1-5-32-577","Name":"IGNOREME","Results":[],"LocalNames":[],"Collected":true,"FailureReason":null},{"ObjectIdentifier":"GLACIS.CORP-S-1-5-32-578","Name":"IGNOREME","Results":[],"LocalNames":[],"Collected":true,"FailureReason":null},{"ObjectIdentifier":"GLACIS.CORP-S-1-5-32-579","Name":"IGNOREME","Results":[],"LocalNames":[],"Collected":true,"FailureReason":null},{"ObjectIdentifier":"GLACIS.CORP-S-1-5-32-580","Name":"IGNOREME","Results":[],"LocalNames":[],"Collected":true,"FailureReason":null},{"ObjectIdentifier":"GLACIS.CORP-S-1-5-32-582","Name":"IGNOREME","Results":[],"LocalNames":[],"Collected":true,"FailureReason":null}],"UserRights":[{"Privilege":"SeRemoteInteractiveLogonRight","Results":[],"LocalNames":[],"Collected":false,"FailureReason":"LSAEnumerateAccountsWithUserRights returned StatusAccessDenied"}],"DCRegistryData":{"CertificateMappingMethods":{"Value":0,"Collected":false,"FailureReason":"User does not have the proper permissions to perform this operation"},"StrongCertificateBindingEnforcement":{"Value":0,"Collected":false,"FailureReason":"User does not have the proper permissions to perform this operation"}},"Status":null,"IsDC":true,"DomainSID":"S-1-5-21-525452939-2440030252-1192466273","Aces":[{"PrincipalSID":"S-1-5-21-525452939-2440030252-1192466273-512","PrincipalType":"Group","RightName":"Owns","IsInherited":false},{"PrincipalSID":"S-1-5-21-525452939-2440030252-1192466273-512","PrincipalType":"Group","RightName":"GenericAll","IsInherited":false},{"PrincipalSID":"S-1-5-21-525452939-2440030252-1192466273-512","PrincipalType":"Group","RightName":"WriteAccountRestrictions","IsInherited":false},{"PrincipalSID":"S-1-5-21-525452939-2440030252-1192466273-526","PrincipalType":"Group","RightName":"AddKeyCredentialLink","IsInherited":true},{"PrincipalSID":"S-1-5-21-525452939-2440030252-1192466273-527","PrincipalType":"Group","RightName":"AddKeyCredentialLink","IsInherited":true},{"PrincipalSID":"S-1-5-21-525452939-2440030252-1192466273-519","PrincipalType":"Group","RightName":"GenericAll","IsInherited":true},{"PrincipalSID":"GLACIS.CORP-S-1-5-32-544","PrincipalType":"Group","RightName":"WriteDacl","IsInherited":true},{"PrincipalSID":"GLACIS.CORP-S-1-5-32-544","PrincipalType":"Group","RightName":"WriteOwner","IsInherited":true},{"PrincipalSID":"GLACIS.CORP-S-1-5-32-544","PrincipalType":"Group","RightName":"GenericWrite","IsInherited":true}],"ObjectIdentifier":"S-1-5-21-525452939-2440030252-1192466273-1000","IsDeleted":false,"IsACLProtected":false,"ContainedBy":{"ObjectIdentifier":"C3657AD0-F140-4864-B5B8-4FA0A6CD0770","ObjectType":"OU"}}],"meta":{"methods":521215,"type":"computers","count":2,"version":6}}