{"data":[{"GPOChanges":{"LocalAdmins":[],"RemoteDesktopUsers":[],"DcomUsers":[],"PSRemoteUsers":[],"AffectedComputers":[]},"Properties":{"domain":"GLACIS.CORP","name":"GLACIS.CORP","distinguishedname":"DC=GLACIS,DC=CORP","domainsid":"S-1-5-21-525452939-2440030252-1192466273","isaclprotected":false,"description":null,"whencreated":1644389557,"functionallevel":"2016","collected":true},"ChildObjects":[],"Trusts":[{"TargetDomainSid":"S-1-5-21-253487801-221673152-1815095224","TargetDomainName":"CITADEL.CORP","IsTransitive":true,"SidFilteringEnabled":false,"TrustDirection":"Bidirectional","TrustType":"Forest"}],"Links":[{"IsEnforced":false,"GUID":"0AC6C17B-F993-4824-9ADB-815B9B8FEA6B"}],"Aces":[{"PrincipalSID":"GLACIS.CORP-S-1-5-32-544","PrincipalType":"Group","RightName":"Owns","IsInherited":false},{"PrincipalSID":"GLACIS.CORP-S-1-5-32-544","PrincipalType":"Group","RightName":"WriteDacl","IsInherited":false},{"PrincipalSID":"GLACIS.CORP-S-1-5-32-544","PrincipalType":"Group","RightName":"WriteOwner","IsInherited":false},{"PrincipalSID":"GLACIS.CORP-S-1-5-32-544","PrincipalType":"Group","RightName":"AllExtendedRights","IsInherited":false},{"PrincipalSID":"S-1-5-21-525452939-2440030252-1192466273-512","PrincipalType":"Group","RightName":"WriteDacl","IsInherited":false},{"PrincipalSID":"S-1-5-21-525452939-2440030252-1192466273-512","PrincipalType":"Group","RightName":"WriteOwner","IsInherited":false},{"PrincipalSID":"S-1-5-21-525452939-2440030252-1192466273-512","PrincipalType":"Group","RightName":"AllExtendedRights","IsInherited":false},{"PrincipalSID":"S-1-5-21-525452939-2440030252-1192466273-519","PrincipalType":"Group","RightName":"GenericAll","IsInherited":false},{"PrincipalSID":"GLACIS.CORP-S-1-5-9","PrincipalType":"Group","RightName":"GetChanges","IsInherited":false},{"PrincipalSID":"GLACIS.CORP-S-1-5-9","PrincipalType":"Group","RightName":"GetChangesInFilteredSet","IsInherited":false},{"PrincipalSID":"GLACIS.CORP-S-1-5-32-544","PrincipalType":"Group","RightName":"GetChangesAll","IsInherited":false},{"PrincipalSID":"GLACIS.CORP-S-1-5-32-544","PrincipalType":"Group","RightName":"GetChanges","IsInherited":false},{"PrincipalSID":"GLACIS.CORP-S-1-5-32-544","PrincipalType":"Group","RightName":"GetChangesInFilteredSet","IsInherited":false},{"PrincipalSID":"S-1-5-21-525452939-2440030252-1192466273-498","PrincipalType":"Group","RightName":"GetChanges","IsInherited":false},{"PrincipalSID":"S-1-5-21-525452939-2440030252-1192466273-516","PrincipalType":"Group","RightName":"GetChangesAll","IsInherited":false}],"ObjectIdentifier":"S-1-5-21-525452939-2440030252-1192466273","IsDeleted":false,"IsACLProtected":false,"ContainedBy":null}],"meta":{"methods":521215,"type":"domains","count":1,"version":6}}