{"data":[{"Properties":{"domain":"GLACIS.CORP","name":"DEFAULT DOMAIN POLICY@GLACIS.CORP","distinguishedname":"CN={31B2F340-016D-11D2-945F-00C04FB984F9},CN=POLICIES,CN=SYSTEM,DC=GLACIS,DC=CORP","domainsid":"S-1-5-21-525452939-2440030252-1192466273","isaclprotected":true,"description":null,"whencreated":1644389573,"gpcpath":"\\\\GLACIS.CORP\\SYSVOL\\GLACIS.CORP\\POLICIES\\{31B2F340-016D-11D2-945F-00C04FB984F9}"},"Aces":[{"PrincipalSID":"S-1-5-21-525452939-2440030252-1192466273-512","PrincipalType":"Group","RightName":"Owns","IsInherited":false},{"PrincipalSID":"S-1-5-21-525452939-2440030252-1192466273-512","PrincipalType":"Group","RightName":"WriteDacl","IsInherited":false},{"PrincipalSID":"S-1-5-21-525452939-2440030252-1192466273-512","PrincipalType":"Group","RightName":"WriteOwner","IsInherited":false},{"PrincipalSID":"S-1-5-21-525452939-2440030252-1192466273-512","PrincipalType":"Group","RightName":"GenericWrite","IsInherited":false},{"PrincipalSID":"S-1-5-21-525452939-2440030252-1192466273-512","PrincipalType":"Group","RightName":"WriteDacl","IsInherited":false},{"PrincipalSID":"S-1-5-21-525452939-2440030252-1192466273-512","PrincipalType":"Group","RightName":"WriteOwner","IsInherited":false},{"PrincipalSID":"S-1-5-21-525452939-2440030252-1192466273-512","PrincipalType":"Group","RightName":"GenericWrite","IsInherited":false},{"PrincipalSID":"S-1-5-21-525452939-2440030252-1192466273-519","PrincipalType":"Group","RightName":"WriteDacl","IsInherited":false},{"PrincipalSID":"S-1-5-21-525452939-2440030252-1192466273-519","PrincipalType":"Group","RightName":"WriteOwner","IsInherited":false},{"PrincipalSID":"S-1-5-21-525452939-2440030252-1192466273-519","PrincipalType":"Group","RightName":"GenericWrite","IsInherited":false}],"ObjectIdentifier":"0AC6C17B-F993-4824-9ADB-815B9B8FEA6B","IsDeleted":false,"IsACLProtected":true,"ContainedBy":null},{"Properties":{"domain":"GLACIS.CORP","name":"DEFAULT DOMAIN CONTROLLERS POLICY@GLACIS.CORP","distinguishedname":"CN={6AC1786C-016F-11D2-945F-00C04FB984F9},CN=POLICIES,CN=SYSTEM,DC=GLACIS,DC=CORP","domainsid":"S-1-5-21-525452939-2440030252-1192466273","isaclprotected":true,"description":null,"whencreated":1644389573,"gpcpath":"\\\\GLACIS.CORP\\SYSVOL\\GLACIS.CORP\\POLICIES\\{6AC1786C-016F-11D2-945F-00C04FB984F9}"},"Aces":[{"PrincipalSID":"S-1-5-21-525452939-2440030252-1192466273-512","PrincipalType":"Group","RightName":"Owns","IsInherited":false},{"PrincipalSID":"S-1-5-21-525452939-2440030252-1192466273-512","PrincipalType":"Group","RightName":"WriteDacl","IsInherited":false},{"PrincipalSID":"S-1-5-21-525452939-2440030252-1192466273-512","PrincipalType":"Group","RightName":"WriteOwner","IsInherited":false},{"PrincipalSID":"S-1-5-21-525452939-2440030252-1192466273-512","PrincipalType":"Group","RightName":"GenericWrite","IsInherited":false},{"PrincipalSID":"S-1-5-21-525452939-2440030252-1192466273-512","PrincipalType":"Group","RightName":"WriteDacl","IsInherited":false},{"PrincipalSID":"S-1-5-21-525452939-2440030252-1192466273-512","PrincipalType":"Group","RightName":"WriteOwner","IsInherited":false},{"PrincipalSID":"S-1-5-21-525452939-2440030252-1192466273-512","PrincipalType":"Group","RightName":"GenericWrite","IsInherited":false},{"PrincipalSID":"S-1-5-21-525452939-2440030252-1192466273-519","PrincipalType":"Group","RightName":"WriteDacl","IsInherited":false},{"PrincipalSID":"S-1-5-21-525452939-2440030252-1192466273-519","PrincipalType":"Group","RightName":"WriteOwner","IsInherited":false},{"PrincipalSID":"S-1-5-21-525452939-2440030252-1192466273-519","PrincipalType":"Group","RightName":"GenericWrite","IsInherited":false}],"ObjectIdentifier":"283C4C7C-2ACD-403E-9C07-626D488F739F","IsDeleted":false,"IsACLProtected":true,"ContainedBy":null}],"meta":{"methods":521215,"type":"gpos","count":2,"version":6}}