{"data":[{"Properties":{"domain":"GLACIS.CORP","name":"DOMAIN ADMINS@GLACIS.CORP","distinguishedname":"CN=DOMAIN ADMINS,CN=USERS,DC=GLACIS,DC=CORP","domainsid":"S-1-5-21-525452939-2440030252-1192466273","samaccountname":"Domain Admins","isaclprotected":true,"description":"Designated administrators of the domain","whencreated":1644389647,"admincount":true},"Members":[{"ObjectIdentifier":"S-1-5-21-525452939-2440030252-1192466273-500","ObjectType":"User"}],"Aces":[{"PrincipalSID":"S-1-5-21-525452939-2440030252-1192466273-512","PrincipalType":"Group","RightName":"Owns","IsInherited":false},{"PrincipalSID":"GLACIS.CORP-S-1-5-32-544","PrincipalType":"Group","RightName":"WriteDacl","IsInherited":false},{"PrincipalSID":"GLACIS.CORP-S-1-5-32-544","PrincipalType":"Group","RightName":"WriteOwner","IsInherited":false},{"PrincipalSID":"GLACIS.CORP-S-1-5-32-544","PrincipalType":"Group","RightName":"GenericWrite","IsInherited":false},{"PrincipalSID":"S-1-5-21-525452939-2440030252-1192466273-512","PrincipalType":"Group","RightName":"WriteDacl","IsInherited":false},{"PrincipalSID":"S-1-5-21-525452939-2440030252-1192466273-512","PrincipalType":"Group","RightName":"WriteOwner","IsInherited":false},{"PrincipalSID":"S-1-5-21-525452939-2440030252-1192466273-512","PrincipalType":"Group","RightName":"GenericWrite","IsInherited":false},{"PrincipalSID":"S-1-5-21-525452939-2440030252-1192466273-519","PrincipalType":"Group","RightName":"WriteDacl","IsInherited":false},{"PrincipalSID":"S-1-5-21-525452939-2440030252-1192466273-519","PrincipalType":"Group","RightName":"WriteOwner","IsInherited":false},{"PrincipalSID":"S-1-5-21-525452939-2440030252-1192466273-519","PrincipalType":"Group","RightName":"GenericWrite","IsInherited":false}],"ObjectIdentifier":"S-1-5-21-525452939-2440030252-1192466273-512","IsDeleted":false,"IsACLProtected":true,"ContainedBy":{"ObjectIdentifier":"8280E31E-8ACD-4D8F-AF86-5AD96C5095D8","ObjectType":"Container"}},{"Properties":{"domain":"GLACIS.CORP","name":"SCHEMA ADMINS@GLACIS.CORP","distinguishedname":"CN=SCHEMA ADMINS,CN=USERS,DC=GLACIS,DC=CORP","domainsid":"S-1-5-21-525452939-2440030252-1192466273","samaccountname":"Schema Admins","isaclprotected":true,"description":"Designated administrators of the schema","whencreated":1644389647,"admincount":true},"Members":[{"ObjectIdentifier":"S-1-5-21-525452939-2440030252-1192466273-500","ObjectType":"User"}],"Aces":[{"PrincipalSID":"S-1-5-21-525452939-2440030252-1192466273-512","PrincipalType":"Group","RightName":"Owns","IsInherited":false},{"PrincipalSID":"GLACIS.CORP-S-1-5-32-544","PrincipalType":"Group","RightName":"WriteDacl","IsInherited":false},{"PrincipalSID":"GLACIS.CORP-S-1-5-32-544","PrincipalType":"Group","RightName":"WriteOwner","IsInherited":false},{"PrincipalSID":"GLACIS.CORP-S-1-5-32-544","PrincipalType":"Group","RightName":"GenericWrite","IsInherited":false},{"PrincipalSID":"S-1-5-21-525452939-2440030252-1192466273-512","PrincipalType":"Group","RightName":"WriteDacl","IsInherited":false},{"PrincipalSID":"S-1-5-21-525452939-2440030252-1192466273-512","PrincipalType":"Group","RightName":"WriteOwner","IsInherited":false},{"PrincipalSID":"S-1-5-21-525452939-2440030252-1192466273-512","PrincipalType":"Group","RightName":"GenericWrite","IsInherited":false},{"PrincipalSID":"S-1-5-21-525452939-2440030252-1192466273-519","PrincipalType":"Group","RightName":"WriteDacl","IsInherited":false},{"PrincipalSID":"S-1-5-21-525452939-2440030252-1192466273-519","PrincipalType":"Group","RightName":"WriteOwner","IsInherited":false},{"PrincipalSID":"S-1-5-21-525452939-2440030252-1192466273-519","PrincipalType":"Group","RightName":"GenericWrite","IsInherited":false}],"ObjectIdentifier":"S-1-5-21-525452939-2440030252-1192466273-518","IsDeleted":false,"IsACLProtected":true,"ContainedBy":{"ObjectIdentifier":"8280E31E-8ACD-4D8F-AF86-5AD96C5095D8","ObjectType":"Container"}},{"Properties":{"domain":"GLACIS.CORP","name":"ENTERPRISE ADMINS@GLACIS.CORP","distinguishedname":"CN=ENTERPRISE ADMINS,CN=USERS,DC=GLACIS,DC=CORP","domainsid":"S-1-5-21-525452939-2440030252-1192466273","samaccountname":"Enterprise Admins","isaclprotected":true,"description":"Designated administrators of the enterprise","whencreated":1644389647,"admincount":true},"Members":[{"ObjectIdentifier":"S-1-5-21-525452939-2440030252-1192466273-500","ObjectType":"User"}],"Aces":[{"PrincipalSID":"S-1-5-21-525452939-2440030252-1192466273-512","PrincipalType":"Group","RightName":"Owns","IsInherited":false},{"PrincipalSID":"GLACIS.CORP-S-1-5-32-544","PrincipalType":"Group","RightName":"WriteDacl","IsInherited":false},{"PrincipalSID":"GLACIS.CORP-S-1-5-32-544","PrincipalType":"Group","RightName":"WriteOwner","IsInherited":false},{"PrincipalSID":"GLACIS.CORP-S-1-5-32-544","PrincipalType":"Group","RightName":"GenericWrite","IsInherited":false},{"PrincipalSID":"S-1-5-21-525452939-2440030252-1192466273-512","PrincipalType":"Group","RightName":"WriteDacl","IsInherited":false},{"PrincipalSID":"S-1-5-21-525452939-2440030252-1192466273-512","PrincipalType":"Group","RightName":"WriteOwner","IsInherited":false},{"PrincipalSID":"S-1-5-21-525452939-2440030252-1192466273-512","PrincipalType":"Group","RightName":"GenericWrite","IsInherited":false},{"PrincipalSID":"S-1-5-21-525452939-2440030252-1192466273-519","PrincipalType":"Group","RightName":"WriteDacl","IsInherited":false},{"PrincipalSID":"S-1-5-21-525452939-2440030252-1192466273-519","PrincipalType":"Group","RightName":"WriteOwner","IsInherited":false},{"PrincipalSID":"S-1-5-21-525452939-2440030252-1192466273-519","PrincipalType":"Group","RightName":"GenericWrite","IsInherited":false}],"ObjectIdentifier":"S-1-5-21-525452939-2440030252-1192466273-519","IsDeleted":false,"IsACLProtected":true,"ContainedBy":{"ObjectIdentifier":"8280E31E-8ACD-4D8F-AF86-5AD96C5095D8","ObjectType":"Container"}},{"Properties":{"domain":"GLACIS.CORP","name":"GROUP POLICY CREATOR OWNERS@GLACIS.CORP","distinguishedname":"CN=GROUP POLICY CREATOR OWNERS,CN=USERS,DC=GLACIS,DC=CORP","domainsid":"S-1-5-21-525452939-2440030252-1192466273","samaccountname":"Group Policy Creator Owners","isaclprotected":false,"description":"Members in this group can modify group policy for the domain","whencreated":1644389647,"admincount":false},"Members":[{"ObjectIdentifier":"S-1-5-21-525452939-2440030252-1192466273-500","ObjectType":"User"}],"Aces":[{"PrincipalSID":"S-1-5-21-525452939-2440030252-1192466273-512","PrincipalType":"Group","RightName":"Owns","IsInherited":false},{"PrincipalSID":"GLACIS.CORP-S-1-5-32-548","PrincipalType":"Group","RightName":"GenericAll","IsInherited":false},{"PrincipalSID":"S-1-5-21-525452939-2440030252-1192466273-512","PrincipalType":"Group","RightName":"GenericAll","IsInherited":false},{"PrincipalSID":"S-1-5-21-525452939-2440030252-1192466273-519","PrincipalType":"Group","RightName":"GenericAll","IsInherited":true},{"PrincipalSID":"GLACIS.CORP-S-1-5-32-544","PrincipalType":"Group","RightName":"WriteDacl","IsInherited":true},{"PrincipalSID":"GLACIS.CORP-S-1-5-32-544","PrincipalType":"Group","RightName":"WriteOwner","IsInherited":true},{"PrincipalSID":"GLACIS.CORP-S-1-5-32-544","PrincipalType":"Group","RightName":"GenericWrite","IsInherited":true}],"ObjectIdentifier":"S-1-5-21-525452939-2440030252-1192466273-520","IsDeleted":false,"IsACLProtected":false,"ContainedBy":{"ObjectIdentifier":"8280E31E-8ACD-4D8F-AF86-5AD96C5095D8","ObjectType":"Container"}},{"Properties":{"domain":"GLACIS.CORP","name":"CERT PUBLISHERS@GLACIS.CORP","distinguishedname":"CN=CERT PUBLISHERS,CN=USERS,DC=GLACIS,DC=CORP","domainsid":"S-1-5-21-525452939-2440030252-1192466273","samaccountname":"Cert Publishers","isaclprotected":false,"description":"Members of this group are permitted to publish certificates to the directory","whencreated":1644389647,"admincount":false},"Members":[],"Aces":[{"PrincipalSID":"S-1-5-21-525452939-2440030252-1192466273-512","PrincipalType":"Group","RightName":"Owns","IsInherited":false},{"PrincipalSID":"GLACIS.CORP-S-1-5-32-548","PrincipalType":"Group","RightName":"GenericAll","IsInherited":false},{"PrincipalSID":"S-1-5-21-525452939-2440030252-1192466273-512","PrincipalType":"Group","RightName":"GenericAll","IsInherited":false},{"PrincipalSID":"S-1-5-21-525452939-2440030252-1192466273-519","PrincipalType":"Group","RightName":"GenericAll","IsInherited":true},{"PrincipalSID":"GLACIS.CORP-S-1-5-32-544","PrincipalType":"Group","RightName":"WriteDacl","IsInherited":true},{"PrincipalSID":"GLACIS.CORP-S-1-5-32-544","PrincipalType":"Group","RightName":"WriteOwner","IsInherited":true},{"PrincipalSID":"GLACIS.CORP-S-1-5-32-544","PrincipalType":"Group","RightName":"GenericWrite","IsInherited":true}],"ObjectIdentifier":"S-1-5-21-525452939-2440030252-1192466273-517","IsDeleted":false,"IsACLProtected":false,"ContainedBy":{"ObjectIdentifier":"8280E31E-8ACD-4D8F-AF86-5AD96C5095D8","ObjectType":"Container"}},{"Properties":{"domain":"GLACIS.CORP","name":"DNSADMINS@GLACIS.CORP","distinguishedname":"CN=DNSADMINS,CN=USERS,DC=GLACIS,DC=CORP","domainsid":"S-1-5-21-525452939-2440030252-1192466273","samaccountname":"DnsAdmins","isaclprotected":false,"description":"DNS Administrators Group","whencreated":1644389686,"admincount":false},"Members":[],"Aces":[{"PrincipalSID":"GLACIS.CORP-S-1-5-32-548","PrincipalType":"Group","RightName":"GenericAll","IsInherited":false},{"PrincipalSID":"S-1-5-21-525452939-2440030252-1192466273-512","PrincipalType":"Group","RightName":"GenericAll","IsInherited":false},{"PrincipalSID":"S-1-5-21-525452939-2440030252-1192466273-519","PrincipalType":"Group","RightName":"GenericAll","IsInherited":true},{"PrincipalSID":"GLACIS.CORP-S-1-5-32-544","PrincipalType":"Group","RightName":"WriteDacl","IsInherited":true},{"PrincipalSID":"GLACIS.CORP-S-1-5-32-544","PrincipalType":"Group","RightName":"WriteOwner","IsInherited":true},{"PrincipalSID":"GLACIS.CORP-S-1-5-32-544","PrincipalType":"Group","RightName":"GenericWrite","IsInherited":true}],"ObjectIdentifier":"S-1-5-21-525452939-2440030252-1192466273-1101","IsDeleted":false,"IsACLProtected":false,"ContainedBy":{"ObjectIdentifier":"8280E31E-8ACD-4D8F-AF86-5AD96C5095D8","ObjectType":"Container"}},{"Properties":{"domain":"GLACIS.CORP","name":"DOMAIN CONTROLLERS@GLACIS.CORP","distinguishedname":"CN=DOMAIN CONTROLLERS,CN=USERS,DC=GLACIS,DC=CORP","domainsid":"S-1-5-21-525452939-2440030252-1192466273","samaccountname":"Domain Controllers","isaclprotected":true,"description":"All domain controllers in the domain","whencreated":1644389647,"admincount":true},"Members":[],"Aces":[{"PrincipalSID":"S-1-5-21-525452939-2440030252-1192466273-512","PrincipalType":"Group","RightName":"Owns","IsInherited":false},{"PrincipalSID":"GLACIS.CORP-S-1-5-32-544","PrincipalType":"Group","RightName":"WriteDacl","IsInherited":false},{"PrincipalSID":"GLACIS.CORP-S-1-5-32-544","PrincipalType":"Group","RightName":"WriteOwner","IsInherited":false},{"PrincipalSID":"GLACIS.CORP-S-1-5-32-544","PrincipalType":"Group","RightName":"GenericWrite","IsInherited":false},{"PrincipalSID":"S-1-5-21-525452939-2440030252-1192466273-512","PrincipalType":"Group","RightName":"WriteDacl","IsInherited":false},{"PrincipalSID":"S-1-5-21-525452939-2440030252-1192466273-512","PrincipalType":"Group","RightName":"WriteOwner","IsInherited":false},{"PrincipalSID":"S-1-5-21-525452939-2440030252-1192466273-512","PrincipalType":"Group","RightName":"GenericWrite","IsInherited":false},{"PrincipalSID":"S-1-5-21-525452939-2440030252-1192466273-519","PrincipalType":"Group","RightName":"WriteDacl","IsInherited":false},{"PrincipalSID":"S-1-5-21-525452939-2440030252-1192466273-519","PrincipalType":"Group","RightName":"WriteOwner","IsInherited":false},{"PrincipalSID":"S-1-5-21-525452939-2440030252-1192466273-519","PrincipalType":"Group","RightName":"GenericWrite","IsInherited":false}],"ObjectIdentifier":"S-1-5-21-525452939-2440030252-1192466273-516","IsDeleted":false,"IsACLProtected":true,"ContainedBy":{"ObjectIdentifier":"8280E31E-8ACD-4D8F-AF86-5AD96C5095D8","ObjectType":"Container"}},{"Properties":{"domain":"GLACIS.CORP","name":"DBMANAGERS@GLACIS.CORP","distinguishedname":"CN=DBMANAGERS,CN=USERS,DC=GLACIS,DC=CORP","domainsid":"S-1-5-21-525452939-2440030252-1192466273","samaccountname":"DBManagers","isaclprotected":false,"description":"Database Managers","whencreated":1658199356,"admincount":false},"Members":[{"ObjectIdentifier":"S-1-5-21-253487801-221673152-1815095224-1110","ObjectType":"Base"}],"Aces":[{"PrincipalSID":"S-1-5-21-525452939-2440030252-1192466273-512","PrincipalType":"Group","RightName":"Owns","IsInherited":false},{"PrincipalSID":"GLACIS.CORP-S-1-5-32-548","PrincipalType":"Group","RightName":"GenericAll","IsInherited":false},{"PrincipalSID":"S-1-5-21-525452939-2440030252-1192466273-512","PrincipalType":"Group","RightName":"GenericAll","IsInherited":false},{"PrincipalSID":"S-1-5-21-525452939-2440030252-1192466273-519","PrincipalType":"Group","RightName":"GenericAll","IsInherited":true},{"PrincipalSID":"GLACIS.CORP-S-1-5-32-544","PrincipalType":"Group","RightName":"WriteDacl","IsInherited":true},{"PrincipalSID":"GLACIS.CORP-S-1-5-32-544","PrincipalType":"Group","RightName":"WriteOwner","IsInherited":true},{"PrincipalSID":"GLACIS.CORP-S-1-5-32-544","PrincipalType":"Group","RightName":"GenericWrite","IsInherited":true}],"ObjectIdentifier":"S-1-5-21-525452939-2440030252-1192466273-1106","IsDeleted":false,"IsACLProtected":false,"ContainedBy":{"ObjectIdentifier":"8280E31E-8ACD-4D8F-AF86-5AD96C5095D8","ObjectType":"Container"}},{"Properties":{"domain":"GLACIS.CORP","name":"DOMAIN GUESTS@GLACIS.CORP","distinguishedname":"CN=DOMAIN GUESTS,CN=USERS,DC=GLACIS,DC=CORP","domainsid":"S-1-5-21-525452939-2440030252-1192466273","samaccountname":"Domain Guests","isaclprotected":false,"description":"All domain guests","whencreated":1644389647,"admincount":false},"Members":[],"Aces":[{"PrincipalSID":"S-1-5-21-525452939-2440030252-1192466273-512","PrincipalType":"Group","RightName":"Owns","IsInherited":false},{"PrincipalSID":"GLACIS.CORP-S-1-5-32-548","PrincipalType":"Group","RightName":"GenericAll","IsInherited":false},{"PrincipalSID":"S-1-5-21-525452939-2440030252-1192466273-512","PrincipalType":"Group","RightName":"GenericAll","IsInherited":false},{"PrincipalSID":"S-1-5-21-525452939-2440030252-1192466273-519","PrincipalType":"Group","RightName":"GenericAll","IsInherited":true},{"PrincipalSID":"GLACIS.CORP-S-1-5-32-544","PrincipalType":"Group","RightName":"WriteDacl","IsInherited":true},{"PrincipalSID":"GLACIS.CORP-S-1-5-32-544","PrincipalType":"Group","RightName":"WriteOwner","IsInherited":true},{"PrincipalSID":"GLACIS.CORP-S-1-5-32-544","PrincipalType":"Group","RightName":"GenericWrite","IsInherited":true}],"ObjectIdentifier":"S-1-5-21-525452939-2440030252-1192466273-514","IsDeleted":false,"IsACLProtected":false,"ContainedBy":{"ObjectIdentifier":"8280E31E-8ACD-4D8F-AF86-5AD96C5095D8","ObjectType":"Container"}},{"Properties":{"domain":"GLACIS.CORP","name":"DENIED RODC PASSWORD REPLICATION GROUP@GLACIS.CORP","distinguishedname":"CN=DENIED RODC PASSWORD REPLICATION GROUP,CN=USERS,DC=GLACIS,DC=CORP","domainsid":"S-1-5-21-525452939-2440030252-1192466273","samaccountname":"Denied RODC Password Replication Group","isaclprotected":false,"description":"Members in this group cannot have their passwords replicated to any read-only domain controllers in the domain","whencreated":1644389647,"admincount":false},"Members":[{"ObjectIdentifier":"S-1-5-21-525452939-2440030252-1192466273-521","ObjectType":"Group"},{"ObjectIdentifier":"S-1-5-21-525452939-2440030252-1192466273-520","ObjectType":"Group"},{"ObjectIdentifier":"S-1-5-21-525452939-2440030252-1192466273-512","ObjectType":"Group"},{"ObjectIdentifier":"S-1-5-21-525452939-2440030252-1192466273-517","ObjectType":"Group"},{"ObjectIdentifier":"S-1-5-21-525452939-2440030252-1192466273-519","ObjectType":"Group"},{"ObjectIdentifier":"S-1-5-21-525452939-2440030252-1192466273-518","ObjectType":"Group"},{"ObjectIdentifier":"S-1-5-21-525452939-2440030252-1192466273-516","ObjectType":"Group"},{"ObjectIdentifier":"S-1-5-21-525452939-2440030252-1192466273-502","ObjectType":"User"}],"Aces":[{"PrincipalSID":"S-1-5-21-525452939-2440030252-1192466273-512","PrincipalType":"Group","RightName":"Owns","IsInherited":false},{"PrincipalSID":"GLACIS.CORP-S-1-5-32-548","PrincipalType":"Group","RightName":"GenericAll","IsInherited":false},{"PrincipalSID":"S-1-5-21-525452939-2440030252-1192466273-512","PrincipalType":"Group","RightName":"GenericAll","IsInherited":false},{"PrincipalSID":"S-1-5-21-525452939-2440030252-1192466273-519","PrincipalType":"Group","RightName":"GenericAll","IsInherited":true},{"PrincipalSID":"GLACIS.CORP-S-1-5-32-544","PrincipalType":"Group","RightName":"WriteDacl","IsInherited":true},{"PrincipalSID":"GLACIS.CORP-S-1-5-32-544","PrincipalType":"Group","RightName":"WriteOwner","IsInherited":true},{"PrincipalSID":"GLACIS.CORP-S-1-5-32-544","PrincipalType":"Group","RightName":"GenericWrite","IsInherited":true}],"ObjectIdentifier":"S-1-5-21-525452939-2440030252-1192466273-572","IsDeleted":false,"IsACLProtected":false,"ContainedBy":{"ObjectIdentifier":"8280E31E-8ACD-4D8F-AF86-5AD96C5095D8","ObjectType":"Container"}},{"Properties":{"domain":"GLACIS.CORP","name":"READ-ONLY DOMAIN CONTROLLERS@GLACIS.CORP","distinguishedname":"CN=READ-ONLY DOMAIN CONTROLLERS,CN=USERS,DC=GLACIS,DC=CORP","domainsid":"S-1-5-21-525452939-2440030252-1192466273","samaccountname":"Read-only Domain Controllers","isaclprotected":true,"description":"Members of this group are Read-Only Domain Controllers in the domain","whencreated":1644389647,"admincount":true},"Members":[],"Aces":[{"PrincipalSID":"S-1-5-21-525452939-2440030252-1192466273-512","PrincipalType":"Group","RightName":"Owns","IsInherited":false},{"PrincipalSID":"GLACIS.CORP-S-1-5-32-544","PrincipalType":"Group","RightName":"WriteDacl","IsInherited":false},{"PrincipalSID":"GLACIS.CORP-S-1-5-32-544","PrincipalType":"Group","RightName":"WriteOwner","IsInherited":false},{"PrincipalSID":"GLACIS.CORP-S-1-5-32-544","PrincipalType":"Group","RightName":"GenericWrite","IsInherited":false},{"PrincipalSID":"S-1-5-21-525452939-2440030252-1192466273-512","PrincipalType":"Group","RightName":"WriteDacl","IsInherited":false},{"PrincipalSID":"S-1-5-21-525452939-2440030252-1192466273-512","PrincipalType":"Group","RightName":"WriteOwner","IsInherited":false},{"PrincipalSID":"S-1-5-21-525452939-2440030252-1192466273-512","PrincipalType":"Group","RightName":"GenericWrite","IsInherited":false},{"PrincipalSID":"S-1-5-21-525452939-2440030252-1192466273-519","PrincipalType":"Group","RightName":"WriteDacl","IsInherited":false},{"PrincipalSID":"S-1-5-21-525452939-2440030252-1192466273-519","PrincipalType":"Group","RightName":"WriteOwner","IsInherited":false},{"PrincipalSID":"S-1-5-21-525452939-2440030252-1192466273-519","PrincipalType":"Group","RightName":"GenericWrite","IsInherited":false}],"ObjectIdentifier":"S-1-5-21-525452939-2440030252-1192466273-521","IsDeleted":false,"IsACLProtected":true,"ContainedBy":{"ObjectIdentifier":"8280E31E-8ACD-4D8F-AF86-5AD96C5095D8","ObjectType":"Container"}},{"Properties":{"domain":"GLACIS.CORP","name":"DOMAIN USERS@GLACIS.CORP","distinguishedname":"CN=DOMAIN USERS,CN=USERS,DC=GLACIS,DC=CORP","domainsid":"S-1-5-21-525452939-2440030252-1192466273","samaccountname":"Domain Users","isaclprotected":false,"description":"All domain users","whencreated":1644389647,"admincount":false},"Members":[],"Aces":[{"PrincipalSID":"S-1-5-21-525452939-2440030252-1192466273-512","PrincipalType":"Group","RightName":"Owns","IsInherited":false},{"PrincipalSID":"GLACIS.CORP-S-1-5-32-548","PrincipalType":"Group","RightName":"GenericAll","IsInherited":false},{"PrincipalSID":"S-1-5-21-525452939-2440030252-1192466273-512","PrincipalType":"Group","RightName":"GenericAll","IsInherited":false},{"PrincipalSID":"S-1-5-21-525452939-2440030252-1192466273-519","PrincipalType":"Group","RightName":"GenericAll","IsInherited":true},{"PrincipalSID":"GLACIS.CORP-S-1-5-32-544","PrincipalType":"Group","RightName":"WriteDacl","IsInherited":true},{"PrincipalSID":"GLACIS.CORP-S-1-5-32-544","PrincipalType":"Group","RightName":"WriteOwner","IsInherited":true},{"PrincipalSID":"GLACIS.CORP-S-1-5-32-544","PrincipalType":"Group","RightName":"GenericWrite","IsInherited":true}],"ObjectIdentifier":"S-1-5-21-525452939-2440030252-1192466273-513","IsDeleted":false,"IsACLProtected":false,"ContainedBy":{"ObjectIdentifier":"8280E31E-8ACD-4D8F-AF86-5AD96C5095D8","ObjectType":"Container"}},{"Properties":{"domain":"GLACIS.CORP","name":"ENTERPRISE READ-ONLY DOMAIN CONTROLLERS@GLACIS.CORP","distinguishedname":"CN=ENTERPRISE READ-ONLY DOMAIN CONTROLLERS,CN=USERS,DC=GLACIS,DC=CORP","domainsid":"S-1-5-21-525452939-2440030252-1192466273","samaccountname":"Enterprise Read-only Domain Controllers","isaclprotected":false,"description":"Members of this group are Read-Only Domain Controllers in the enterprise","whencreated":1644389647,"admincount":false},"Members":[],"Aces":[{"PrincipalSID":"S-1-5-21-525452939-2440030252-1192466273-512","PrincipalType":"Group","RightName":"Owns","IsInherited":false},{"PrincipalSID":"GLACIS.CORP-S-1-5-32-548","PrincipalType":"Group","RightName":"GenericAll","IsInherited":false},{"PrincipalSID":"S-1-5-21-525452939-2440030252-1192466273-512","PrincipalType":"Group","RightName":"GenericAll","IsInherited":false},{"PrincipalSID":"S-1-5-21-525452939-2440030252-1192466273-519","PrincipalType":"Group","RightName":"GenericAll","IsInherited":true},{"PrincipalSID":"GLACIS.CORP-S-1-5-32-544","PrincipalType":"Group","RightName":"WriteDacl","IsInherited":true},{"PrincipalSID":"GLACIS.CORP-S-1-5-32-544","PrincipalType":"Group","RightName":"WriteOwner","IsInherited":true},{"PrincipalSID":"GLACIS.CORP-S-1-5-32-544","PrincipalType":"Group","RightName":"GenericWrite","IsInherited":true}],"ObjectIdentifier":"S-1-5-21-525452939-2440030252-1192466273-498","IsDeleted":false,"IsACLProtected":false,"ContainedBy":{"ObjectIdentifier":"8280E31E-8ACD-4D8F-AF86-5AD96C5095D8","ObjectType":"Container"}},{"Properties":{"domain":"GLACIS.CORP","name":"DOMAIN COMPUTERS@GLACIS.CORP","distinguishedname":"CN=DOMAIN COMPUTERS,CN=USERS,DC=GLACIS,DC=CORP","domainsid":"S-1-5-21-525452939-2440030252-1192466273","samaccountname":"Domain Computers","isaclprotected":false,"description":"All workstations and servers joined to the domain","whencreated":1644389647,"admincount":false},"Members":[],"Aces":[{"PrincipalSID":"S-1-5-21-525452939-2440030252-1192466273-512","PrincipalType":"Group","RightName":"Owns","IsInherited":false},{"PrincipalSID":"GLACIS.CORP-S-1-5-32-548","PrincipalType":"Group","RightName":"GenericAll","IsInherited":false},{"PrincipalSID":"S-1-5-21-525452939-2440030252-1192466273-512","PrincipalType":"Group","RightName":"GenericAll","IsInherited":false},{"PrincipalSID":"S-1-5-21-525452939-2440030252-1192466273-519","PrincipalType":"Group","RightName":"GenericAll","IsInherited":true},{"PrincipalSID":"GLACIS.CORP-S-1-5-32-544","PrincipalType":"Group","RightName":"WriteDacl","IsInherited":true},{"PrincipalSID":"GLACIS.CORP-S-1-5-32-544","PrincipalType":"Group","RightName":"WriteOwner","IsInherited":true},{"PrincipalSID":"GLACIS.CORP-S-1-5-32-544","PrincipalType":"Group","RightName":"GenericWrite","IsInherited":true}],"ObjectIdentifier":"S-1-5-21-525452939-2440030252-1192466273-515","IsDeleted":false,"IsACLProtected":false,"ContainedBy":{"ObjectIdentifier":"8280E31E-8ACD-4D8F-AF86-5AD96C5095D8","ObjectType":"Container"}},{"Properties":{"domain":"GLACIS.CORP","name":"RAS AND IAS SERVERS@GLACIS.CORP","distinguishedname":"CN=RAS AND IAS SERVERS,CN=USERS,DC=GLACIS,DC=CORP","domainsid":"S-1-5-21-525452939-2440030252-1192466273","samaccountname":"RAS and IAS Servers","isaclprotected":false,"description":"Servers in this group can access remote access properties of users","whencreated":1644389647,"admincount":false},"Members":[],"Aces":[{"PrincipalSID":"S-1-5-21-525452939-2440030252-1192466273-512","PrincipalType":"Group","RightName":"Owns","IsInherited":false},{"PrincipalSID":"GLACIS.CORP-S-1-5-32-548","PrincipalType":"Group","RightName":"GenericAll","IsInherited":false},{"PrincipalSID":"S-1-5-21-525452939-2440030252-1192466273-512","PrincipalType":"Group","RightName":"GenericAll","IsInherited":false},{"PrincipalSID":"S-1-5-21-525452939-2440030252-1192466273-519","PrincipalType":"Group","RightName":"GenericAll","IsInherited":true},{"PrincipalSID":"GLACIS.CORP-S-1-5-32-544","PrincipalType":"Group","RightName":"WriteDacl","IsInherited":true},{"PrincipalSID":"GLACIS.CORP-S-1-5-32-544","PrincipalType":"Group","RightName":"WriteOwner","IsInherited":true},{"PrincipalSID":"GLACIS.CORP-S-1-5-32-544","PrincipalType":"Group","RightName":"GenericWrite","IsInherited":true}],"ObjectIdentifier":"S-1-5-21-525452939-2440030252-1192466273-553","IsDeleted":false,"IsACLProtected":false,"ContainedBy":{"ObjectIdentifier":"8280E31E-8ACD-4D8F-AF86-5AD96C5095D8","ObjectType":"Container"}},{"Properties":{"domain":"GLACIS.CORP","name":"ALLOWED RODC PASSWORD REPLICATION GROUP@GLACIS.CORP","distinguishedname":"CN=ALLOWED RODC PASSWORD REPLICATION GROUP,CN=USERS,DC=GLACIS,DC=CORP","domainsid":"S-1-5-21-525452939-2440030252-1192466273","samaccountname":"Allowed RODC Password Replication Group","isaclprotected":false,"description":"Members in this group can have their passwords replicated to all read-only domain controllers in the domain","whencreated":1644389647,"admincount":false},"Members":[],"Aces":[{"PrincipalSID":"S-1-5-21-525452939-2440030252-1192466273-512","PrincipalType":"Group","RightName":"Owns","IsInherited":false},{"PrincipalSID":"GLACIS.CORP-S-1-5-32-548","PrincipalType":"Group","RightName":"GenericAll","IsInherited":false},{"PrincipalSID":"S-1-5-21-525452939-2440030252-1192466273-512","PrincipalType":"Group","RightName":"GenericAll","IsInherited":false},{"PrincipalSID":"S-1-5-21-525452939-2440030252-1192466273-519","PrincipalType":"Group","RightName":"GenericAll","IsInherited":true},{"PrincipalSID":"GLACIS.CORP-S-1-5-32-544","PrincipalType":"Group","RightName":"WriteDacl","IsInherited":true},{"PrincipalSID":"GLACIS.CORP-S-1-5-32-544","PrincipalType":"Group","RightName":"WriteOwner","IsInherited":true},{"PrincipalSID":"GLACIS.CORP-S-1-5-32-544","PrincipalType":"Group","RightName":"GenericWrite","IsInherited":true}],"ObjectIdentifier":"S-1-5-21-525452939-2440030252-1192466273-571","IsDeleted":false,"IsACLProtected":false,"ContainedBy":{"ObjectIdentifier":"8280E31E-8ACD-4D8F-AF86-5AD96C5095D8","ObjectType":"Container"}},{"Properties":{"domain":"GLACIS.CORP","name":"DISTRIBUTED COM USERS@GLACIS.CORP","distinguishedname":"CN=DISTRIBUTED COM USERS,CN=BUILTIN,DC=GLACIS,DC=CORP","domainsid":"S-1-5-21-525452939-2440030252-1192466273","samaccountname":"Distributed COM Users","isaclprotected":false,"description":"Members are allowed to launch, activate and use Distributed COM objects on this machine.","whencreated":1644389576,"admincount":false},"Members":[],"Aces":[{"PrincipalSID":"GLACIS.CORP-S-1-5-32-544","PrincipalType":"Group","RightName":"Owns","IsInherited":false},{"PrincipalSID":"GLACIS.CORP-S-1-5-32-548","PrincipalType":"Group","RightName":"GenericAll","IsInherited":false},{"PrincipalSID":"S-1-5-21-525452939-2440030252-1192466273-512","PrincipalType":"Group","RightName":"GenericAll","IsInherited":false},{"PrincipalSID":"S-1-5-21-525452939-2440030252-1192466273-519","PrincipalType":"Group","RightName":"GenericAll","IsInherited":true},{"PrincipalSID":"GLACIS.CORP-S-1-5-32-544","PrincipalType":"Group","RightName":"WriteDacl","IsInherited":true},{"PrincipalSID":"GLACIS.CORP-S-1-5-32-544","PrincipalType":"Group","RightName":"WriteOwner","IsInherited":true},{"PrincipalSID":"GLACIS.CORP-S-1-5-32-544","PrincipalType":"Group","RightName":"GenericWrite","IsInherited":true}],"ObjectIdentifier":"GLACIS.CORP-S-1-5-32-562","IsDeleted":false,"IsACLProtected":false,"ContainedBy":{"ObjectIdentifier":"S-1-5-32","ObjectType":"Base"}},{"Properties":{"domain":"GLACIS.CORP","name":"ACCESS CONTROL ASSISTANCE OPERATORS@GLACIS.CORP","distinguishedname":"CN=ACCESS CONTROL ASSISTANCE OPERATORS,CN=BUILTIN,DC=GLACIS,DC=CORP","domainsid":"S-1-5-21-525452939-2440030252-1192466273","samaccountname":"Access Control Assistance Operators","isaclprotected":false,"description":"Members of this group can remotely query authorization attributes and permissions for resources on this computer.","whencreated":1644389576,"admincount":false},"Members":[],"Aces":[{"PrincipalSID":"GLACIS.CORP-S-1-5-32-544","PrincipalType":"Group","RightName":"Owns","IsInherited":false},{"PrincipalSID":"GLACIS.CORP-S-1-5-32-548","PrincipalType":"Group","RightName":"GenericAll","IsInherited":false},{"PrincipalSID":"S-1-5-21-525452939-2440030252-1192466273-512","PrincipalType":"Group","RightName":"GenericAll","IsInherited":false},{"PrincipalSID":"S-1-5-21-525452939-2440030252-1192466273-519","PrincipalType":"Group","RightName":"GenericAll","IsInherited":true},{"PrincipalSID":"GLACIS.CORP-S-1-5-32-544","PrincipalType":"Group","RightName":"WriteDacl","IsInherited":true},{"PrincipalSID":"GLACIS.CORP-S-1-5-32-544","PrincipalType":"Group","RightName":"WriteOwner","IsInherited":true},{"PrincipalSID":"GLACIS.CORP-S-1-5-32-544","PrincipalType":"Group","RightName":"GenericWrite","IsInherited":true}],"ObjectIdentifier":"GLACIS.CORP-S-1-5-32-579","IsDeleted":false,"IsACLProtected":false,"ContainedBy":{"ObjectIdentifier":"S-1-5-32","ObjectType":"Base"}},{"Properties":{"domain":"GLACIS.CORP","name":"REMOTE MANAGEMENT USERS@GLACIS.CORP","distinguishedname":"CN=REMOTE MANAGEMENT USERS,CN=BUILTIN,DC=GLACIS,DC=CORP","domainsid":"S-1-5-21-525452939-2440030252-1192466273","samaccountname":"Remote Management Users","isaclprotected":false,"description":"Members of this group can access WMI resources over management protocols (such as WS-Management via the Windows Remote Management service). This applies only to WMI namespaces that grant access to the user.","whencreated":1644389576,"admincount":false},"Members":[],"Aces":[{"PrincipalSID":"GLACIS.CORP-S-1-5-32-544","PrincipalType":"Group","RightName":"Owns","IsInherited":false},{"PrincipalSID":"GLACIS.CORP-S-1-5-32-548","PrincipalType":"Group","RightName":"GenericAll","IsInherited":false},{"PrincipalSID":"S-1-5-21-525452939-2440030252-1192466273-512","PrincipalType":"Group","RightName":"GenericAll","IsInherited":false},{"PrincipalSID":"S-1-5-21-525452939-2440030252-1192466273-519","PrincipalType":"Group","RightName":"GenericAll","IsInherited":true},{"PrincipalSID":"GLACIS.CORP-S-1-5-32-544","PrincipalType":"Group","RightName":"WriteDacl","IsInherited":true},{"PrincipalSID":"GLACIS.CORP-S-1-5-32-544","PrincipalType":"Group","RightName":"WriteOwner","IsInherited":true},{"PrincipalSID":"GLACIS.CORP-S-1-5-32-544","PrincipalType":"Group","RightName":"GenericWrite","IsInherited":true}],"ObjectIdentifier":"GLACIS.CORP-S-1-5-32-580","IsDeleted":false,"IsACLProtected":false,"ContainedBy":{"ObjectIdentifier":"S-1-5-32","ObjectType":"Base"}},{"Properties":{"domain":"GLACIS.CORP","name":"RDS REMOTE ACCESS SERVERS@GLACIS.CORP","distinguishedname":"CN=RDS REMOTE ACCESS SERVERS,CN=BUILTIN,DC=GLACIS,DC=CORP","domainsid":"S-1-5-21-525452939-2440030252-1192466273","samaccountname":"RDS Remote Access Servers","isaclprotected":false,"description":"Servers in this group enable users of RemoteApp programs and personal virtual desktops access to these resources. In Internet-facing deployments, these servers are typically deployed in an edge network. This group needs to be populated on servers running RD Connection Broker. RD Gateway servers and RD Web Access servers used in the deployment need to be in this group.","whencreated":1644389576,"admincount":false},"Members":[],"Aces":[{"PrincipalSID":"GLACIS.CORP-S-1-5-32-544","PrincipalType":"Group","RightName":"Owns","IsInherited":false},{"PrincipalSID":"GLACIS.CORP-S-1-5-32-548","PrincipalType":"Group","RightName":"GenericAll","IsInherited":false},{"PrincipalSID":"S-1-5-21-525452939-2440030252-1192466273-512","PrincipalType":"Group","RightName":"GenericAll","IsInherited":false},{"PrincipalSID":"S-1-5-21-525452939-2440030252-1192466273-519","PrincipalType":"Group","RightName":"GenericAll","IsInherited":true},{"PrincipalSID":"GLACIS.CORP-S-1-5-32-544","PrincipalType":"Group","RightName":"WriteDacl","IsInherited":true},{"PrincipalSID":"GLACIS.CORP-S-1-5-32-544","PrincipalType":"Group","RightName":"WriteOwner","IsInherited":true},{"PrincipalSID":"GLACIS.CORP-S-1-5-32-544","PrincipalType":"Group","RightName":"GenericWrite","IsInherited":true}],"ObjectIdentifier":"GLACIS.CORP-S-1-5-32-575","IsDeleted":false,"IsACLProtected":false,"ContainedBy":{"ObjectIdentifier":"S-1-5-32","ObjectType":"Base"}},{"Properties":{"domain":"GLACIS.CORP","name":"RDS ENDPOINT SERVERS@GLACIS.CORP","distinguishedname":"CN=RDS ENDPOINT SERVERS,CN=BUILTIN,DC=GLACIS,DC=CORP","domainsid":"S-1-5-21-525452939-2440030252-1192466273","samaccountname":"RDS Endpoint Servers","isaclprotected":false,"description":"Servers in this group run virtual machines and host sessions where users RemoteApp programs and personal virtual desktops run. This group needs to be populated on servers running RD Connection Broker. RD Session Host servers and RD Virtualization Host servers used in the deployment need to be in this group.","whencreated":1644389576,"admincount":false},"Members":[],"Aces":[{"PrincipalSID":"GLACIS.CORP-S-1-5-32-544","PrincipalType":"Group","RightName":"Owns","IsInherited":false},{"PrincipalSID":"GLACIS.CORP-S-1-5-32-548","PrincipalType":"Group","RightName":"GenericAll","IsInherited":false},{"PrincipalSID":"S-1-5-21-525452939-2440030252-1192466273-512","PrincipalType":"Group","RightName":"GenericAll","IsInherited":false},{"PrincipalSID":"S-1-5-21-525452939-2440030252-1192466273-519","PrincipalType":"Group","RightName":"GenericAll","IsInherited":true},{"PrincipalSID":"GLACIS.CORP-S-1-5-32-544","PrincipalType":"Group","RightName":"WriteDacl","IsInherited":true},{"PrincipalSID":"GLACIS.CORP-S-1-5-32-544","PrincipalType":"Group","RightName":"WriteOwner","IsInherited":true},{"PrincipalSID":"GLACIS.CORP-S-1-5-32-544","PrincipalType":"Group","RightName":"GenericWrite","IsInherited":true}],"ObjectIdentifier":"GLACIS.CORP-S-1-5-32-576","IsDeleted":false,"IsACLProtected":false,"ContainedBy":{"ObjectIdentifier":"S-1-5-32","ObjectType":"Base"}},{"Properties":{"domain":"GLACIS.CORP","name":"BACKUP OPERATORS@GLACIS.CORP","distinguishedname":"CN=BACKUP OPERATORS,CN=BUILTIN,DC=GLACIS,DC=CORP","domainsid":"S-1-5-21-525452939-2440030252-1192466273","samaccountname":"Backup Operators","isaclprotected":true,"description":"Backup Operators can override security restrictions for the sole purpose of backing up or restoring files","whencreated":1644389576,"admincount":true},"Members":[],"Aces":[{"PrincipalSID":"S-1-5-21-525452939-2440030252-1192466273-512","PrincipalType":"Group","RightName":"Owns","IsInherited":false},{"PrincipalSID":"GLACIS.CORP-S-1-5-32-544","PrincipalType":"Group","RightName":"WriteDacl","IsInherited":false},{"PrincipalSID":"GLACIS.CORP-S-1-5-32-544","PrincipalType":"Group","RightName":"WriteOwner","IsInherited":false},{"PrincipalSID":"GLACIS.CORP-S-1-5-32-544","PrincipalType":"Group","RightName":"GenericWrite","IsInherited":false},{"PrincipalSID":"S-1-5-21-525452939-2440030252-1192466273-512","PrincipalType":"Group","RightName":"WriteDacl","IsInherited":false},{"PrincipalSID":"S-1-5-21-525452939-2440030252-1192466273-512","PrincipalType":"Group","RightName":"WriteOwner","IsInherited":false},{"PrincipalSID":"S-1-5-21-525452939-2440030252-1192466273-512","PrincipalType":"Group","RightName":"GenericWrite","IsInherited":false},{"PrincipalSID":"S-1-5-21-525452939-2440030252-1192466273-519","PrincipalType":"Group","RightName":"WriteDacl","IsInherited":false},{"PrincipalSID":"S-1-5-21-525452939-2440030252-1192466273-519","PrincipalType":"Group","RightName":"WriteOwner","IsInherited":false},{"PrincipalSID":"S-1-5-21-525452939-2440030252-1192466273-519","PrincipalType":"Group","RightName":"GenericWrite","IsInherited":false}],"ObjectIdentifier":"GLACIS.CORP-S-1-5-32-551","IsDeleted":false,"IsACLProtected":true,"ContainedBy":{"ObjectIdentifier":"S-1-5-32","ObjectType":"Base"}},{"Properties":{"domain":"GLACIS.CORP","name":"SERVER OPERATORS@GLACIS.CORP","distinguishedname":"CN=SERVER OPERATORS,CN=BUILTIN,DC=GLACIS,DC=CORP","domainsid":"S-1-5-21-525452939-2440030252-1192466273","samaccountname":"Server Operators","isaclprotected":true,"description":"Members can administer domain servers","whencreated":1644389647,"admincount":true},"Members":[],"Aces":[{"PrincipalSID":"S-1-5-21-525452939-2440030252-1192466273-512","PrincipalType":"Group","RightName":"Owns","IsInherited":false},{"PrincipalSID":"GLACIS.CORP-S-1-5-32-544","PrincipalType":"Group","RightName":"WriteDacl","IsInherited":false},{"PrincipalSID":"GLACIS.CORP-S-1-5-32-544","PrincipalType":"Group","RightName":"WriteOwner","IsInherited":false},{"PrincipalSID":"GLACIS.CORP-S-1-5-32-544","PrincipalType":"Group","RightName":"GenericWrite","IsInherited":false},{"PrincipalSID":"S-1-5-21-525452939-2440030252-1192466273-512","PrincipalType":"Group","RightName":"WriteDacl","IsInherited":false},{"PrincipalSID":"S-1-5-21-525452939-2440030252-1192466273-512","PrincipalType":"Group","RightName":"WriteOwner","IsInherited":false},{"PrincipalSID":"S-1-5-21-525452939-2440030252-1192466273-512","PrincipalType":"Group","RightName":"GenericWrite","IsInherited":false},{"PrincipalSID":"S-1-5-21-525452939-2440030252-1192466273-519","PrincipalType":"Group","RightName":"WriteDacl","IsInherited":false},{"PrincipalSID":"S-1-5-21-525452939-2440030252-1192466273-519","PrincipalType":"Group","RightName":"WriteOwner","IsInherited":false},{"PrincipalSID":"S-1-5-21-525452939-2440030252-1192466273-519","PrincipalType":"Group","RightName":"GenericWrite","IsInherited":false}],"ObjectIdentifier":"GLACIS.CORP-S-1-5-32-549","IsDeleted":false,"IsACLProtected":true,"ContainedBy":{"ObjectIdentifier":"S-1-5-32","ObjectType":"Base"}},{"Properties":{"domain":"GLACIS.CORP","name":"STORAGE REPLICA ADMINISTRATORS@GLACIS.CORP","distinguishedname":"CN=STORAGE REPLICA ADMINISTRATORS,CN=BUILTIN,DC=GLACIS,DC=CORP","domainsid":"S-1-5-21-525452939-2440030252-1192466273","samaccountname":"Storage Replica Administrators","isaclprotected":false,"description":"Members of this group have complete and unrestricted access to all features of Storage Replica.","whencreated":1644389576,"admincount":false},"Members":[],"Aces":[{"PrincipalSID":"GLACIS.CORP-S-1-5-32-544","PrincipalType":"Group","RightName":"Owns","IsInherited":false},{"PrincipalSID":"GLACIS.CORP-S-1-5-32-548","PrincipalType":"Group","RightName":"GenericAll","IsInherited":false},{"PrincipalSID":"S-1-5-21-525452939-2440030252-1192466273-512","PrincipalType":"Group","RightName":"GenericAll","IsInherited":false},{"PrincipalSID":"S-1-5-21-525452939-2440030252-1192466273-519","PrincipalType":"Group","RightName":"GenericAll","IsInherited":true},{"PrincipalSID":"GLACIS.CORP-S-1-5-32-544","PrincipalType":"Group","RightName":"WriteDacl","IsInherited":true},{"PrincipalSID":"GLACIS.CORP-S-1-5-32-544","PrincipalType":"Group","RightName":"WriteOwner","IsInherited":true},{"PrincipalSID":"GLACIS.CORP-S-1-5-32-544","PrincipalType":"Group","RightName":"GenericWrite","IsInherited":true}],"ObjectIdentifier":"GLACIS.CORP-S-1-5-32-582","IsDeleted":false,"IsACLProtected":false,"ContainedBy":{"ObjectIdentifier":"S-1-5-32","ObjectType":"Base"}},{"Properties":{"domain":"GLACIS.CORP","name":"ACCOUNT OPERATORS@GLACIS.CORP","distinguishedname":"CN=ACCOUNT OPERATORS,CN=BUILTIN,DC=GLACIS,DC=CORP","domainsid":"S-1-5-21-525452939-2440030252-1192466273","samaccountname":"Account Operators","isaclprotected":true,"description":"Members can administer domain user and group accounts","whencreated":1644389647,"admincount":true},"Members":[],"Aces":[{"PrincipalSID":"S-1-5-21-525452939-2440030252-1192466273-512","PrincipalType":"Group","RightName":"Owns","IsInherited":false},{"PrincipalSID":"GLACIS.CORP-S-1-5-32-544","PrincipalType":"Group","RightName":"WriteDacl","IsInherited":false},{"PrincipalSID":"GLACIS.CORP-S-1-5-32-544","PrincipalType":"Group","RightName":"WriteOwner","IsInherited":false},{"PrincipalSID":"GLACIS.CORP-S-1-5-32-544","PrincipalType":"Group","RightName":"GenericWrite","IsInherited":false},{"PrincipalSID":"S-1-5-21-525452939-2440030252-1192466273-512","PrincipalType":"Group","RightName":"WriteDacl","IsInherited":false},{"PrincipalSID":"S-1-5-21-525452939-2440030252-1192466273-512","PrincipalType":"Group","RightName":"WriteOwner","IsInherited":false},{"PrincipalSID":"S-1-5-21-525452939-2440030252-1192466273-512","PrincipalType":"Group","RightName":"GenericWrite","IsInherited":false},{"PrincipalSID":"S-1-5-21-525452939-2440030252-1192466273-519","PrincipalType":"Group","RightName":"WriteDacl","IsInherited":false},{"PrincipalSID":"S-1-5-21-525452939-2440030252-1192466273-519","PrincipalType":"Group","RightName":"WriteOwner","IsInherited":false},{"PrincipalSID":"S-1-5-21-525452939-2440030252-1192466273-519","PrincipalType":"Group","RightName":"GenericWrite","IsInherited":false}],"ObjectIdentifier":"GLACIS.CORP-S-1-5-32-548","IsDeleted":false,"IsACLProtected":true,"ContainedBy":{"ObjectIdentifier":"S-1-5-32","ObjectType":"Base"}},{"Properties":{"domain":"GLACIS.CORP","name":"INCOMING FOREST TRUST BUILDERS@GLACIS.CORP","distinguishedname":"CN=INCOMING FOREST TRUST BUILDERS,CN=BUILTIN,DC=GLACIS,DC=CORP","domainsid":"S-1-5-21-525452939-2440030252-1192466273","samaccountname":"Incoming Forest Trust Builders","isaclprotected":false,"description":"Members of this group can create incoming, one-way trusts to this forest","whencreated":1644389647,"admincount":false},"Members":[],"Aces":[{"PrincipalSID":"S-1-5-21-525452939-2440030252-1192466273-512","PrincipalType":"Group","RightName":"Owns","IsInherited":false},{"PrincipalSID":"GLACIS.CORP-S-1-5-32-548","PrincipalType":"Group","RightName":"GenericAll","IsInherited":false},{"PrincipalSID":"S-1-5-21-525452939-2440030252-1192466273-512","PrincipalType":"Group","RightName":"GenericAll","IsInherited":false},{"PrincipalSID":"S-1-5-21-525452939-2440030252-1192466273-519","PrincipalType":"Group","RightName":"GenericAll","IsInherited":true},{"PrincipalSID":"GLACIS.CORP-S-1-5-32-544","PrincipalType":"Group","RightName":"WriteDacl","IsInherited":true},{"PrincipalSID":"GLACIS.CORP-S-1-5-32-544","PrincipalType":"Group","RightName":"WriteOwner","IsInherited":true},{"PrincipalSID":"GLACIS.CORP-S-1-5-32-544","PrincipalType":"Group","RightName":"GenericWrite","IsInherited":true}],"ObjectIdentifier":"GLACIS.CORP-S-1-5-32-557","IsDeleted":false,"IsACLProtected":false,"ContainedBy":{"ObjectIdentifier":"S-1-5-32","ObjectType":"Base"}},{"Properties":{"domain":"GLACIS.CORP","name":"PRE-WINDOWS 2000 COMPATIBLE ACCESS@GLACIS.CORP","distinguishedname":"CN=PRE-WINDOWS 2000 COMPATIBLE ACCESS,CN=BUILTIN,DC=GLACIS,DC=CORP","domainsid":"S-1-5-21-525452939-2440030252-1192466273","samaccountname":"Pre-Windows 2000 Compatible Access","isaclprotected":false,"description":"A backward compatibility group which allows read access on all users and groups in the domain","whencreated":1644389647,"admincount":false},"Members":[{"ObjectIdentifier":"GLACIS.CORP-S-1-5-11","ObjectType":"Group"}],"Aces":[{"PrincipalSID":"S-1-5-21-525452939-2440030252-1192466273-512","PrincipalType":"Group","RightName":"Owns","IsInherited":false},{"PrincipalSID":"GLACIS.CORP-S-1-5-32-548","PrincipalType":"Group","RightName":"GenericAll","IsInherited":false},{"PrincipalSID":"S-1-5-21-525452939-2440030252-1192466273-512","PrincipalType":"Group","RightName":"GenericAll","IsInherited":false},{"PrincipalSID":"S-1-5-21-525452939-2440030252-1192466273-519","PrincipalType":"Group","RightName":"GenericAll","IsInherited":true},{"PrincipalSID":"GLACIS.CORP-S-1-5-32-544","PrincipalType":"Group","RightName":"WriteDacl","IsInherited":true},{"PrincipalSID":"GLACIS.CORP-S-1-5-32-544","PrincipalType":"Group","RightName":"WriteOwner","IsInherited":true},{"PrincipalSID":"GLACIS.CORP-S-1-5-32-544","PrincipalType":"Group","RightName":"GenericWrite","IsInherited":true}],"ObjectIdentifier":"GLACIS.CORP-S-1-5-32-554","IsDeleted":false,"IsACLProtected":false,"ContainedBy":{"ObjectIdentifier":"S-1-5-32","ObjectType":"Base"}},{"Properties":{"domain":"GLACIS.CORP","name":"EVENT LOG READERS@GLACIS.CORP","distinguishedname":"CN=EVENT LOG READERS,CN=BUILTIN,DC=GLACIS,DC=CORP","domainsid":"S-1-5-21-525452939-2440030252-1192466273","samaccountname":"Event Log Readers","isaclprotected":false,"description":"Members of this group can read event logs from local machine","whencreated":1644389576,"admincount":false},"Members":[],"Aces":[{"PrincipalSID":"GLACIS.CORP-S-1-5-32-544","PrincipalType":"Group","RightName":"Owns","IsInherited":false},{"PrincipalSID":"GLACIS.CORP-S-1-5-32-548","PrincipalType":"Group","RightName":"GenericAll","IsInherited":false},{"PrincipalSID":"S-1-5-21-525452939-2440030252-1192466273-512","PrincipalType":"Group","RightName":"GenericAll","IsInherited":false},{"PrincipalSID":"S-1-5-21-525452939-2440030252-1192466273-519","PrincipalType":"Group","RightName":"GenericAll","IsInherited":true},{"PrincipalSID":"GLACIS.CORP-S-1-5-32-544","PrincipalType":"Group","RightName":"WriteDacl","IsInherited":true},{"PrincipalSID":"GLACIS.CORP-S-1-5-32-544","PrincipalType":"Group","RightName":"WriteOwner","IsInherited":true},{"PrincipalSID":"GLACIS.CORP-S-1-5-32-544","PrincipalType":"Group","RightName":"GenericWrite","IsInherited":true}],"ObjectIdentifier":"GLACIS.CORP-S-1-5-32-573","IsDeleted":false,"IsACLProtected":false,"ContainedBy":{"ObjectIdentifier":"S-1-5-32","ObjectType":"Base"}},{"Properties":{"domain":"GLACIS.CORP","name":"PRINT OPERATORS@GLACIS.CORP","distinguishedname":"CN=PRINT OPERATORS,CN=BUILTIN,DC=GLACIS,DC=CORP","domainsid":"S-1-5-21-525452939-2440030252-1192466273","samaccountname":"Print Operators","isaclprotected":true,"description":"Members can administer printers installed on domain controllers","whencreated":1644389576,"admincount":true},"Members":[],"Aces":[{"PrincipalSID":"S-1-5-21-525452939-2440030252-1192466273-512","PrincipalType":"Group","RightName":"Owns","IsInherited":false},{"PrincipalSID":"GLACIS.CORP-S-1-5-32-544","PrincipalType":"Group","RightName":"WriteDacl","IsInherited":false},{"PrincipalSID":"GLACIS.CORP-S-1-5-32-544","PrincipalType":"Group","RightName":"WriteOwner","IsInherited":false},{"PrincipalSID":"GLACIS.CORP-S-1-5-32-544","PrincipalType":"Group","RightName":"GenericWrite","IsInherited":false},{"PrincipalSID":"S-1-5-21-525452939-2440030252-1192466273-512","PrincipalType":"Group","RightName":"WriteDacl","IsInherited":false},{"PrincipalSID":"S-1-5-21-525452939-2440030252-1192466273-512","PrincipalType":"Group","RightName":"WriteOwner","IsInherited":false},{"PrincipalSID":"S-1-5-21-525452939-2440030252-1192466273-512","PrincipalType":"Group","RightName":"GenericWrite","IsInherited":false},{"PrincipalSID":"S-1-5-21-525452939-2440030252-1192466273-519","PrincipalType":"Group","RightName":"WriteDacl","IsInherited":false},{"PrincipalSID":"S-1-5-21-525452939-2440030252-1192466273-519","PrincipalType":"Group","RightName":"WriteOwner","IsInherited":false},{"PrincipalSID":"S-1-5-21-525452939-2440030252-1192466273-519","PrincipalType":"Group","RightName":"GenericWrite","IsInherited":false}],"ObjectIdentifier":"GLACIS.CORP-S-1-5-32-550","IsDeleted":false,"IsACLProtected":true,"ContainedBy":{"ObjectIdentifier":"S-1-5-32","ObjectType":"Base"}},{"Properties":{"domain":"GLACIS.CORP","name":"WINDOWS AUTHORIZATION ACCESS GROUP@GLACIS.CORP","distinguishedname":"CN=WINDOWS AUTHORIZATION ACCESS GROUP,CN=BUILTIN,DC=GLACIS,DC=CORP","domainsid":"S-1-5-21-525452939-2440030252-1192466273","samaccountname":"Windows Authorization Access Group","isaclprotected":false,"description":"Members of this group have access to the computed tokenGroupsGlobalAndUniversal attribute on User objects","whencreated":1644389647,"admincount":false},"Members":[{"ObjectIdentifier":"GLACIS.CORP-S-1-5-9","ObjectType":"Group"}],"Aces":[{"PrincipalSID":"S-1-5-21-525452939-2440030252-1192466273-512","PrincipalType":"Group","RightName":"Owns","IsInherited":false},{"PrincipalSID":"GLACIS.CORP-S-1-5-32-548","PrincipalType":"Group","RightName":"GenericAll","IsInherited":false},{"PrincipalSID":"S-1-5-21-525452939-2440030252-1192466273-512","PrincipalType":"Group","RightName":"GenericAll","IsInherited":false},{"PrincipalSID":"S-1-5-21-525452939-2440030252-1192466273-519","PrincipalType":"Group","RightName":"GenericAll","IsInherited":true},{"PrincipalSID":"GLACIS.CORP-S-1-5-32-544","PrincipalType":"Group","RightName":"WriteDacl","IsInherited":true},{"PrincipalSID":"GLACIS.CORP-S-1-5-32-544","PrincipalType":"Group","RightName":"WriteOwner","IsInherited":true},{"PrincipalSID":"GLACIS.CORP-S-1-5-32-544","PrincipalType":"Group","RightName":"GenericWrite","IsInherited":true}],"ObjectIdentifier":"GLACIS.CORP-S-1-5-32-560","IsDeleted":false,"IsACLProtected":false,"ContainedBy":{"ObjectIdentifier":"S-1-5-32","ObjectType":"Base"}},{"Properties":{"domain":"GLACIS.CORP","name":"DNSUPDATEPROXY@GLACIS.CORP","distinguishedname":"CN=DNSUPDATEPROXY,CN=USERS,DC=GLACIS,DC=CORP","domainsid":"S-1-5-21-525452939-2440030252-1192466273","samaccountname":"DnsUpdateProxy","isaclprotected":false,"description":"DNS clients who are permitted to perform dynamic updates on behalf of some other clients (such as DHCP servers).","whencreated":1644389686,"admincount":false},"Members":[],"Aces":[{"PrincipalSID":"GLACIS.CORP-S-1-5-32-548","PrincipalType":"Group","RightName":"GenericAll","IsInherited":false},{"PrincipalSID":"S-1-5-21-525452939-2440030252-1192466273-512","PrincipalType":"Group","RightName":"GenericAll","IsInherited":false},{"PrincipalSID":"S-1-5-21-525452939-2440030252-1192466273-519","PrincipalType":"Group","RightName":"GenericAll","IsInherited":true},{"PrincipalSID":"GLACIS.CORP-S-1-5-32-544","PrincipalType":"Group","RightName":"WriteDacl","IsInherited":true},{"PrincipalSID":"GLACIS.CORP-S-1-5-32-544","PrincipalType":"Group","RightName":"WriteOwner","IsInherited":true},{"PrincipalSID":"GLACIS.CORP-S-1-5-32-544","PrincipalType":"Group","RightName":"GenericWrite","IsInherited":true}],"ObjectIdentifier":"S-1-5-21-525452939-2440030252-1192466273-1102","IsDeleted":false,"IsACLProtected":false,"ContainedBy":{"ObjectIdentifier":"8280E31E-8ACD-4D8F-AF86-5AD96C5095D8","ObjectType":"Container"}},{"Properties":{"domain":"GLACIS.CORP","name":"ENTERPRISE KEY ADMINS@GLACIS.CORP","distinguishedname":"CN=ENTERPRISE KEY ADMINS,CN=USERS,DC=GLACIS,DC=CORP","domainsid":"S-1-5-21-525452939-2440030252-1192466273","samaccountname":"Enterprise Key Admins","isaclprotected":true,"description":"Members of this group can perform administrative actions on key objects within the forest.","whencreated":1644389647,"admincount":true},"Members":[],"Aces":[{"PrincipalSID":"S-1-5-21-525452939-2440030252-1192466273-512","PrincipalType":"Group","RightName":"Owns","IsInherited":false},{"PrincipalSID":"GLACIS.CORP-S-1-5-32-544","PrincipalType":"Group","RightName":"WriteDacl","IsInherited":false},{"PrincipalSID":"GLACIS.CORP-S-1-5-32-544","PrincipalType":"Group","RightName":"WriteOwner","IsInherited":false},{"PrincipalSID":"GLACIS.CORP-S-1-5-32-544","PrincipalType":"Group","RightName":"GenericWrite","IsInherited":false},{"PrincipalSID":"S-1-5-21-525452939-2440030252-1192466273-512","PrincipalType":"Group","RightName":"WriteDacl","IsInherited":false},{"PrincipalSID":"S-1-5-21-525452939-2440030252-1192466273-512","PrincipalType":"Group","RightName":"WriteOwner","IsInherited":false},{"PrincipalSID":"S-1-5-21-525452939-2440030252-1192466273-512","PrincipalType":"Group","RightName":"GenericWrite","IsInherited":false},{"PrincipalSID":"S-1-5-21-525452939-2440030252-1192466273-519","PrincipalType":"Group","RightName":"WriteDacl","IsInherited":false},{"PrincipalSID":"S-1-5-21-525452939-2440030252-1192466273-519","PrincipalType":"Group","RightName":"WriteOwner","IsInherited":false},{"PrincipalSID":"S-1-5-21-525452939-2440030252-1192466273-519","PrincipalType":"Group","RightName":"GenericWrite","IsInherited":false}],"ObjectIdentifier":"S-1-5-21-525452939-2440030252-1192466273-527","IsDeleted":false,"IsACLProtected":true,"ContainedBy":{"ObjectIdentifier":"8280E31E-8ACD-4D8F-AF86-5AD96C5095D8","ObjectType":"Container"}},{"Properties":{"domain":"GLACIS.CORP","name":"KEY ADMINS@GLACIS.CORP","distinguishedname":"CN=KEY ADMINS,CN=USERS,DC=GLACIS,DC=CORP","domainsid":"S-1-5-21-525452939-2440030252-1192466273","samaccountname":"Key Admins","isaclprotected":true,"description":"Members of this group can perform administrative actions on key objects within the domain.","whencreated":1644389647,"admincount":true},"Members":[],"Aces":[{"PrincipalSID":"S-1-5-21-525452939-2440030252-1192466273-512","PrincipalType":"Group","RightName":"Owns","IsInherited":false},{"PrincipalSID":"GLACIS.CORP-S-1-5-32-544","PrincipalType":"Group","RightName":"WriteDacl","IsInherited":false},{"PrincipalSID":"GLACIS.CORP-S-1-5-32-544","PrincipalType":"Group","RightName":"WriteOwner","IsInherited":false},{"PrincipalSID":"GLACIS.CORP-S-1-5-32-544","PrincipalType":"Group","RightName":"GenericWrite","IsInherited":false},{"PrincipalSID":"S-1-5-21-525452939-2440030252-1192466273-512","PrincipalType":"Group","RightName":"WriteDacl","IsInherited":false},{"PrincipalSID":"S-1-5-21-525452939-2440030252-1192466273-512","PrincipalType":"Group","RightName":"WriteOwner","IsInherited":false},{"PrincipalSID":"S-1-5-21-525452939-2440030252-1192466273-512","PrincipalType":"Group","RightName":"GenericWrite","IsInherited":false},{"PrincipalSID":"S-1-5-21-525452939-2440030252-1192466273-519","PrincipalType":"Group","RightName":"WriteDacl","IsInherited":false},{"PrincipalSID":"S-1-5-21-525452939-2440030252-1192466273-519","PrincipalType":"Group","RightName":"WriteOwner","IsInherited":false},{"PrincipalSID":"S-1-5-21-525452939-2440030252-1192466273-519","PrincipalType":"Group","RightName":"GenericWrite","IsInherited":false}],"ObjectIdentifier":"S-1-5-21-525452939-2440030252-1192466273-526","IsDeleted":false,"IsACLProtected":true,"ContainedBy":{"ObjectIdentifier":"8280E31E-8ACD-4D8F-AF86-5AD96C5095D8","ObjectType":"Container"}},{"Properties":{"domain":"GLACIS.CORP","name":"TERMINAL SERVER LICENSE SERVERS@GLACIS.CORP","distinguishedname":"CN=TERMINAL SERVER LICENSE SERVERS,CN=BUILTIN,DC=GLACIS,DC=CORP","domainsid":"S-1-5-21-525452939-2440030252-1192466273","samaccountname":"Terminal Server License Servers","isaclprotected":false,"description":"Members of this group can update user accounts in Active Directory with information about license issuance, for the purpose of tracking and reporting TS Per User CAL usage","whencreated":1644389647,"admincount":false},"Members":[],"Aces":[{"PrincipalSID":"S-1-5-21-525452939-2440030252-1192466273-512","PrincipalType":"Group","RightName":"Owns","IsInherited":false},{"PrincipalSID":"GLACIS.CORP-S-1-5-32-548","PrincipalType":"Group","RightName":"GenericAll","IsInherited":false},{"PrincipalSID":"S-1-5-21-525452939-2440030252-1192466273-512","PrincipalType":"Group","RightName":"GenericAll","IsInherited":false},{"PrincipalSID":"S-1-5-21-525452939-2440030252-1192466273-519","PrincipalType":"Group","RightName":"GenericAll","IsInherited":true},{"PrincipalSID":"GLACIS.CORP-S-1-5-32-544","PrincipalType":"Group","RightName":"WriteDacl","IsInherited":true},{"PrincipalSID":"GLACIS.CORP-S-1-5-32-544","PrincipalType":"Group","RightName":"WriteOwner","IsInherited":true},{"PrincipalSID":"GLACIS.CORP-S-1-5-32-544","PrincipalType":"Group","RightName":"GenericWrite","IsInherited":true}],"ObjectIdentifier":"GLACIS.CORP-S-1-5-32-561","IsDeleted":false,"IsACLProtected":false,"ContainedBy":{"ObjectIdentifier":"S-1-5-32","ObjectType":"Base"}},{"Properties":{"domain":"GLACIS.CORP","name":"PROTECTED USERS@GLACIS.CORP","distinguishedname":"CN=PROTECTED USERS,CN=USERS,DC=GLACIS,DC=CORP","domainsid":"S-1-5-21-525452939-2440030252-1192466273","samaccountname":"Protected Users","isaclprotected":false,"description":"Members of this group are afforded additional protections against authentication security threats. See http://go.microsoft.com/fwlink/?LinkId=298939 for more information.","whencreated":1644389647,"admincount":false},"Members":[],"Aces":[{"PrincipalSID":"S-1-5-21-525452939-2440030252-1192466273-512","PrincipalType":"Group","RightName":"Owns","IsInherited":false},{"PrincipalSID":"GLACIS.CORP-S-1-5-32-548","PrincipalType":"Group","RightName":"GenericAll","IsInherited":false},{"PrincipalSID":"S-1-5-21-525452939-2440030252-1192466273-512","PrincipalType":"Group","RightName":"GenericAll","IsInherited":false},{"PrincipalSID":"S-1-5-21-525452939-2440030252-1192466273-519","PrincipalType":"Group","RightName":"GenericAll","IsInherited":true},{"PrincipalSID":"GLACIS.CORP-S-1-5-32-544","PrincipalType":"Group","RightName":"WriteDacl","IsInherited":true},{"PrincipalSID":"GLACIS.CORP-S-1-5-32-544","PrincipalType":"Group","RightName":"WriteOwner","IsInherited":true},{"PrincipalSID":"GLACIS.CORP-S-1-5-32-544","PrincipalType":"Group","RightName":"GenericWrite","IsInherited":true}],"ObjectIdentifier":"S-1-5-21-525452939-2440030252-1192466273-525","IsDeleted":false,"IsACLProtected":false,"ContainedBy":{"ObjectIdentifier":"8280E31E-8ACD-4D8F-AF86-5AD96C5095D8","ObjectType":"Container"}},{"Properties":{"domain":"GLACIS.CORP","name":"CLONEABLE DOMAIN CONTROLLERS@GLACIS.CORP","distinguishedname":"CN=CLONEABLE DOMAIN CONTROLLERS,CN=USERS,DC=GLACIS,DC=CORP","domainsid":"S-1-5-21-525452939-2440030252-1192466273","samaccountname":"Cloneable Domain Controllers","isaclprotected":false,"description":"Members of this group that are domain controllers may be cloned.","whencreated":1644389647,"admincount":false},"Members":[],"Aces":[{"PrincipalSID":"S-1-5-21-525452939-2440030252-1192466273-512","PrincipalType":"Group","RightName":"Owns","IsInherited":false},{"PrincipalSID":"GLACIS.CORP-S-1-5-32-548","PrincipalType":"Group","RightName":"GenericAll","IsInherited":false},{"PrincipalSID":"S-1-5-21-525452939-2440030252-1192466273-512","PrincipalType":"Group","RightName":"GenericAll","IsInherited":false},{"PrincipalSID":"S-1-5-21-525452939-2440030252-1192466273-519","PrincipalType":"Group","RightName":"GenericAll","IsInherited":true},{"PrincipalSID":"GLACIS.CORP-S-1-5-32-544","PrincipalType":"Group","RightName":"WriteDacl","IsInherited":true},{"PrincipalSID":"GLACIS.CORP-S-1-5-32-544","PrincipalType":"Group","RightName":"WriteOwner","IsInherited":true},{"PrincipalSID":"GLACIS.CORP-S-1-5-32-544","PrincipalType":"Group","RightName":"GenericWrite","IsInherited":true}],"ObjectIdentifier":"S-1-5-21-525452939-2440030252-1192466273-522","IsDeleted":false,"IsACLProtected":false,"ContainedBy":{"ObjectIdentifier":"8280E31E-8ACD-4D8F-AF86-5AD96C5095D8","ObjectType":"Container"}},{"Properties":{"domain":"GLACIS.CORP","name":"CERTIFICATE SERVICE DCOM ACCESS@GLACIS.CORP","distinguishedname":"CN=CERTIFICATE SERVICE DCOM ACCESS,CN=BUILTIN,DC=GLACIS,DC=CORP","domainsid":"S-1-5-21-525452939-2440030252-1192466273","samaccountname":"Certificate Service DCOM Access","isaclprotected":false,"description":"Members of this group are allowed to connect to Certification Authorities in the enterprise","whencreated":1644389576,"admincount":false},"Members":[],"Aces":[{"PrincipalSID":"GLACIS.CORP-S-1-5-32-544","PrincipalType":"Group","RightName":"Owns","IsInherited":false},{"PrincipalSID":"GLACIS.CORP-S-1-5-32-548","PrincipalType":"Group","RightName":"GenericAll","IsInherited":false},{"PrincipalSID":"S-1-5-21-525452939-2440030252-1192466273-512","PrincipalType":"Group","RightName":"GenericAll","IsInherited":false},{"PrincipalSID":"S-1-5-21-525452939-2440030252-1192466273-519","PrincipalType":"Group","RightName":"GenericAll","IsInherited":true},{"PrincipalSID":"GLACIS.CORP-S-1-5-32-544","PrincipalType":"Group","RightName":"WriteDacl","IsInherited":true},{"PrincipalSID":"GLACIS.CORP-S-1-5-32-544","PrincipalType":"Group","RightName":"WriteOwner","IsInherited":true},{"PrincipalSID":"GLACIS.CORP-S-1-5-32-544","PrincipalType":"Group","RightName":"GenericWrite","IsInherited":true}],"ObjectIdentifier":"GLACIS.CORP-S-1-5-32-574","IsDeleted":false,"IsACLProtected":false,"ContainedBy":{"ObjectIdentifier":"S-1-5-32","ObjectType":"Base"}},{"Properties":{"domain":"GLACIS.CORP","name":"RDS MANAGEMENT SERVERS@GLACIS.CORP","distinguishedname":"CN=RDS MANAGEMENT SERVERS,CN=BUILTIN,DC=GLACIS,DC=CORP","domainsid":"S-1-5-21-525452939-2440030252-1192466273","samaccountname":"RDS Management Servers","isaclprotected":false,"description":"Servers in this group can perform routine administrative actions on servers running Remote Desktop Services. This group needs to be populated on all servers in a Remote Desktop Services deployment. The servers running the RDS Central Management service must be included in this group.","whencreated":1644389576,"admincount":false},"Members":[],"Aces":[{"PrincipalSID":"GLACIS.CORP-S-1-5-32-544","PrincipalType":"Group","RightName":"Owns","IsInherited":false},{"PrincipalSID":"GLACIS.CORP-S-1-5-32-548","PrincipalType":"Group","RightName":"GenericAll","IsInherited":false},{"PrincipalSID":"S-1-5-21-525452939-2440030252-1192466273-512","PrincipalType":"Group","RightName":"GenericAll","IsInherited":false},{"PrincipalSID":"S-1-5-21-525452939-2440030252-1192466273-519","PrincipalType":"Group","RightName":"GenericAll","IsInherited":true},{"PrincipalSID":"GLACIS.CORP-S-1-5-32-544","PrincipalType":"Group","RightName":"WriteDacl","IsInherited":true},{"PrincipalSID":"GLACIS.CORP-S-1-5-32-544","PrincipalType":"Group","RightName":"WriteOwner","IsInherited":true},{"PrincipalSID":"GLACIS.CORP-S-1-5-32-544","PrincipalType":"Group","RightName":"GenericWrite","IsInherited":true}],"ObjectIdentifier":"GLACIS.CORP-S-1-5-32-577","IsDeleted":false,"IsACLProtected":false,"ContainedBy":{"ObjectIdentifier":"S-1-5-32","ObjectType":"Base"}},{"Properties":{"domain":"GLACIS.CORP","name":"GUESTS@GLACIS.CORP","distinguishedname":"CN=GUESTS,CN=BUILTIN,DC=GLACIS,DC=CORP","domainsid":"S-1-5-21-525452939-2440030252-1192466273","samaccountname":"Guests","isaclprotected":false,"description":"Guests have the same access as members of the Users group by default, except for the Guest account which is further restricted","whencreated":1644389576,"admincount":false},"Members":[{"ObjectIdentifier":"S-1-5-21-525452939-2440030252-1192466273-514","ObjectType":"Group"},{"ObjectIdentifier":"S-1-5-21-525452939-2440030252-1192466273-501","ObjectType":"User"}],"Aces":[{"PrincipalSID":"GLACIS.CORP-S-1-5-32-544","PrincipalType":"Group","RightName":"Owns","IsInherited":false},{"PrincipalSID":"GLACIS.CORP-S-1-5-32-548","PrincipalType":"Group","RightName":"GenericAll","IsInherited":false},{"PrincipalSID":"S-1-5-21-525452939-2440030252-1192466273-512","PrincipalType":"Group","RightName":"GenericAll","IsInherited":false},{"PrincipalSID":"S-1-5-21-525452939-2440030252-1192466273-519","PrincipalType":"Group","RightName":"GenericAll","IsInherited":true},{"PrincipalSID":"GLACIS.CORP-S-1-5-32-544","PrincipalType":"Group","RightName":"WriteDacl","IsInherited":true},{"PrincipalSID":"GLACIS.CORP-S-1-5-32-544","PrincipalType":"Group","RightName":"WriteOwner","IsInherited":true},{"PrincipalSID":"GLACIS.CORP-S-1-5-32-544","PrincipalType":"Group","RightName":"GenericWrite","IsInherited":true}],"ObjectIdentifier":"GLACIS.CORP-S-1-5-32-546","IsDeleted":false,"IsACLProtected":false,"ContainedBy":{"ObjectIdentifier":"S-1-5-32","ObjectType":"Base"}},{"Properties":{"domain":"GLACIS.CORP","name":"CRYPTOGRAPHIC OPERATORS@GLACIS.CORP","distinguishedname":"CN=CRYPTOGRAPHIC OPERATORS,CN=BUILTIN,DC=GLACIS,DC=CORP","domainsid":"S-1-5-21-525452939-2440030252-1192466273","samaccountname":"Cryptographic Operators","isaclprotected":false,"description":"Members are authorized to perform cryptographic operations.","whencreated":1644389576,"admincount":false},"Members":[],"Aces":[{"PrincipalSID":"GLACIS.CORP-S-1-5-32-544","PrincipalType":"Group","RightName":"Owns","IsInherited":false},{"PrincipalSID":"GLACIS.CORP-S-1-5-32-548","PrincipalType":"Group","RightName":"GenericAll","IsInherited":false},{"PrincipalSID":"S-1-5-21-525452939-2440030252-1192466273-512","PrincipalType":"Group","RightName":"GenericAll","IsInherited":false},{"PrincipalSID":"S-1-5-21-525452939-2440030252-1192466273-519","PrincipalType":"Group","RightName":"GenericAll","IsInherited":true},{"PrincipalSID":"GLACIS.CORP-S-1-5-32-544","PrincipalType":"Group","RightName":"WriteDacl","IsInherited":true},{"PrincipalSID":"GLACIS.CORP-S-1-5-32-544","PrincipalType":"Group","RightName":"WriteOwner","IsInherited":true},{"PrincipalSID":"GLACIS.CORP-S-1-5-32-544","PrincipalType":"Group","RightName":"GenericWrite","IsInherited":true}],"ObjectIdentifier":"GLACIS.CORP-S-1-5-32-569","IsDeleted":false,"IsACLProtected":false,"ContainedBy":{"ObjectIdentifier":"S-1-5-32","ObjectType":"Base"}},{"Properties":{"domain":"GLACIS.CORP","name":"IIS_IUSRS@GLACIS.CORP","distinguishedname":"CN=IIS_IUSRS,CN=BUILTIN,DC=GLACIS,DC=CORP","domainsid":"S-1-5-21-525452939-2440030252-1192466273","samaccountname":"IIS_IUSRS","isaclprotected":false,"description":"Built-in group used by Internet Information Services.","whencreated":1644389576,"admincount":false},"Members":[{"ObjectIdentifier":"GLACIS.CORP-S-1-5-17","ObjectType":"Group"}],"Aces":[{"PrincipalSID":"GLACIS.CORP-S-1-5-32-544","PrincipalType":"Group","RightName":"Owns","IsInherited":false},{"PrincipalSID":"GLACIS.CORP-S-1-5-32-548","PrincipalType":"Group","RightName":"GenericAll","IsInherited":false},{"PrincipalSID":"S-1-5-21-525452939-2440030252-1192466273-512","PrincipalType":"Group","RightName":"GenericAll","IsInherited":false},{"PrincipalSID":"S-1-5-21-525452939-2440030252-1192466273-519","PrincipalType":"Group","RightName":"GenericAll","IsInherited":true},{"PrincipalSID":"GLACIS.CORP-S-1-5-32-544","PrincipalType":"Group","RightName":"WriteDacl","IsInherited":true},{"PrincipalSID":"GLACIS.CORP-S-1-5-32-544","PrincipalType":"Group","RightName":"WriteOwner","IsInherited":true},{"PrincipalSID":"GLACIS.CORP-S-1-5-32-544","PrincipalType":"Group","RightName":"GenericWrite","IsInherited":true}],"ObjectIdentifier":"GLACIS.CORP-S-1-5-32-568","IsDeleted":false,"IsACLProtected":false,"ContainedBy":{"ObjectIdentifier":"S-1-5-32","ObjectType":"Base"}},{"Properties":{"domain":"GLACIS.CORP","name":"PERFORMANCE LOG USERS@GLACIS.CORP","distinguishedname":"CN=PERFORMANCE LOG USERS,CN=BUILTIN,DC=GLACIS,DC=CORP","domainsid":"S-1-5-21-525452939-2440030252-1192466273","samaccountname":"Performance Log Users","isaclprotected":false,"description":"Members of this group may schedule logging of performance counters, enable trace providers, and collect event traces both locally and via remote access to this computer","whencreated":1644389576,"admincount":false},"Members":[],"Aces":[{"PrincipalSID":"GLACIS.CORP-S-1-5-32-544","PrincipalType":"Group","RightName":"Owns","IsInherited":false},{"PrincipalSID":"GLACIS.CORP-S-1-5-32-548","PrincipalType":"Group","RightName":"GenericAll","IsInherited":false},{"PrincipalSID":"S-1-5-21-525452939-2440030252-1192466273-512","PrincipalType":"Group","RightName":"GenericAll","IsInherited":false},{"PrincipalSID":"S-1-5-21-525452939-2440030252-1192466273-519","PrincipalType":"Group","RightName":"GenericAll","IsInherited":true},{"PrincipalSID":"GLACIS.CORP-S-1-5-32-544","PrincipalType":"Group","RightName":"WriteDacl","IsInherited":true},{"PrincipalSID":"GLACIS.CORP-S-1-5-32-544","PrincipalType":"Group","RightName":"WriteOwner","IsInherited":true},{"PrincipalSID":"GLACIS.CORP-S-1-5-32-544","PrincipalType":"Group","RightName":"GenericWrite","IsInherited":true}],"ObjectIdentifier":"GLACIS.CORP-S-1-5-32-559","IsDeleted":false,"IsACLProtected":false,"ContainedBy":{"ObjectIdentifier":"S-1-5-32","ObjectType":"Base"}},{"Properties":{"domain":"GLACIS.CORP","name":"PERFORMANCE MONITOR USERS@GLACIS.CORP","distinguishedname":"CN=PERFORMANCE MONITOR USERS,CN=BUILTIN,DC=GLACIS,DC=CORP","domainsid":"S-1-5-21-525452939-2440030252-1192466273","samaccountname":"Performance Monitor Users","isaclprotected":false,"description":"Members of this group can access performance counter data locally and remotely","whencreated":1644389576,"admincount":false},"Members":[],"Aces":[{"PrincipalSID":"GLACIS.CORP-S-1-5-32-544","PrincipalType":"Group","RightName":"Owns","IsInherited":false},{"PrincipalSID":"GLACIS.CORP-S-1-5-32-548","PrincipalType":"Group","RightName":"GenericAll","IsInherited":false},{"PrincipalSID":"S-1-5-21-525452939-2440030252-1192466273-512","PrincipalType":"Group","RightName":"GenericAll","IsInherited":false},{"PrincipalSID":"S-1-5-21-525452939-2440030252-1192466273-519","PrincipalType":"Group","RightName":"GenericAll","IsInherited":true},{"PrincipalSID":"GLACIS.CORP-S-1-5-32-544","PrincipalType":"Group","RightName":"WriteDacl","IsInherited":true},{"PrincipalSID":"GLACIS.CORP-S-1-5-32-544","PrincipalType":"Group","RightName":"WriteOwner","IsInherited":true},{"PrincipalSID":"GLACIS.CORP-S-1-5-32-544","PrincipalType":"Group","RightName":"GenericWrite","IsInherited":true}],"ObjectIdentifier":"GLACIS.CORP-S-1-5-32-558","IsDeleted":false,"IsACLProtected":false,"ContainedBy":{"ObjectIdentifier":"S-1-5-32","ObjectType":"Base"}},{"Properties":{"domain":"GLACIS.CORP","name":"NETWORK CONFIGURATION OPERATORS@GLACIS.CORP","distinguishedname":"CN=NETWORK CONFIGURATION OPERATORS,CN=BUILTIN,DC=GLACIS,DC=CORP","domainsid":"S-1-5-21-525452939-2440030252-1192466273","samaccountname":"Network Configuration Operators","isaclprotected":false,"description":"Members in this group can have some administrative privileges to manage configuration of networking features","whencreated":1644389576,"admincount":false},"Members":[],"Aces":[{"PrincipalSID":"GLACIS.CORP-S-1-5-32-544","PrincipalType":"Group","RightName":"Owns","IsInherited":false},{"PrincipalSID":"GLACIS.CORP-S-1-5-32-548","PrincipalType":"Group","RightName":"GenericAll","IsInherited":false},{"PrincipalSID":"S-1-5-21-525452939-2440030252-1192466273-512","PrincipalType":"Group","RightName":"GenericAll","IsInherited":false},{"PrincipalSID":"S-1-5-21-525452939-2440030252-1192466273-519","PrincipalType":"Group","RightName":"GenericAll","IsInherited":true},{"PrincipalSID":"GLACIS.CORP-S-1-5-32-544","PrincipalType":"Group","RightName":"WriteDacl","IsInherited":true},{"PrincipalSID":"GLACIS.CORP-S-1-5-32-544","PrincipalType":"Group","RightName":"WriteOwner","IsInherited":true},{"PrincipalSID":"GLACIS.CORP-S-1-5-32-544","PrincipalType":"Group","RightName":"GenericWrite","IsInherited":true}],"ObjectIdentifier":"GLACIS.CORP-S-1-5-32-556","IsDeleted":false,"IsACLProtected":false,"ContainedBy":{"ObjectIdentifier":"S-1-5-32","ObjectType":"Base"}},{"Properties":{"domain":"GLACIS.CORP","name":"REMOTE DESKTOP USERS@GLACIS.CORP","distinguishedname":"CN=REMOTE DESKTOP USERS,CN=BUILTIN,DC=GLACIS,DC=CORP","domainsid":"S-1-5-21-525452939-2440030252-1192466273","samaccountname":"Remote Desktop Users","isaclprotected":false,"description":"Members in this group are granted the right to logon remotely","whencreated":1644389576,"admincount":false},"Members":[],"Aces":[{"PrincipalSID":"GLACIS.CORP-S-1-5-32-544","PrincipalType":"Group","RightName":"Owns","IsInherited":false},{"PrincipalSID":"GLACIS.CORP-S-1-5-32-548","PrincipalType":"Group","RightName":"GenericAll","IsInherited":false},{"PrincipalSID":"S-1-5-21-525452939-2440030252-1192466273-512","PrincipalType":"Group","RightName":"GenericAll","IsInherited":false},{"PrincipalSID":"S-1-5-21-525452939-2440030252-1192466273-519","PrincipalType":"Group","RightName":"GenericAll","IsInherited":true},{"PrincipalSID":"GLACIS.CORP-S-1-5-32-544","PrincipalType":"Group","RightName":"WriteDacl","IsInherited":true},{"PrincipalSID":"GLACIS.CORP-S-1-5-32-544","PrincipalType":"Group","RightName":"WriteOwner","IsInherited":true},{"PrincipalSID":"GLACIS.CORP-S-1-5-32-544","PrincipalType":"Group","RightName":"GenericWrite","IsInherited":true}],"ObjectIdentifier":"GLACIS.CORP-S-1-5-32-555","IsDeleted":false,"IsACLProtected":false,"ContainedBy":{"ObjectIdentifier":"S-1-5-32","ObjectType":"Base"}},{"Properties":{"domain":"GLACIS.CORP","name":"REPLICATORS@GLACIS.CORP","distinguishedname":"CN=REPLICATOR,CN=BUILTIN,DC=GLACIS,DC=CORP","domainsid":"S-1-5-21-525452939-2440030252-1192466273","samaccountname":"Replicator","isaclprotected":true,"description":"Supports file replication in a domain","whencreated":1644389576,"admincount":true},"Members":[],"Aces":[{"PrincipalSID":"S-1-5-21-525452939-2440030252-1192466273-512","PrincipalType":"Group","RightName":"Owns","IsInherited":false},{"PrincipalSID":"GLACIS.CORP-S-1-5-32-544","PrincipalType":"Group","RightName":"WriteDacl","IsInherited":false},{"PrincipalSID":"GLACIS.CORP-S-1-5-32-544","PrincipalType":"Group","RightName":"WriteOwner","IsInherited":false},{"PrincipalSID":"GLACIS.CORP-S-1-5-32-544","PrincipalType":"Group","RightName":"GenericWrite","IsInherited":false},{"PrincipalSID":"S-1-5-21-525452939-2440030252-1192466273-512","PrincipalType":"Group","RightName":"WriteDacl","IsInherited":false},{"PrincipalSID":"S-1-5-21-525452939-2440030252-1192466273-512","PrincipalType":"Group","RightName":"WriteOwner","IsInherited":false},{"PrincipalSID":"S-1-5-21-525452939-2440030252-1192466273-512","PrincipalType":"Group","RightName":"GenericWrite","IsInherited":false},{"PrincipalSID":"S-1-5-21-525452939-2440030252-1192466273-519","PrincipalType":"Group","RightName":"WriteDacl","IsInherited":false},{"PrincipalSID":"S-1-5-21-525452939-2440030252-1192466273-519","PrincipalType":"Group","RightName":"WriteOwner","IsInherited":false},{"PrincipalSID":"S-1-5-21-525452939-2440030252-1192466273-519","PrincipalType":"Group","RightName":"GenericWrite","IsInherited":false}],"ObjectIdentifier":"GLACIS.CORP-S-1-5-32-552","IsDeleted":false,"IsACLProtected":true,"ContainedBy":{"ObjectIdentifier":"S-1-5-32","ObjectType":"Base"}},{"Properties":{"domain":"GLACIS.CORP","name":"ADMINISTRATORS@GLACIS.CORP","distinguishedname":"CN=ADMINISTRATORS,CN=BUILTIN,DC=GLACIS,DC=CORP","domainsid":"S-1-5-21-525452939-2440030252-1192466273","samaccountname":"Administrators","isaclprotected":true,"description":"Administrators have complete and unrestricted access to the computer/domain","whencreated":1644389576,"admincount":true},"Members":[{"ObjectIdentifier":"S-1-5-21-525452939-2440030252-1192466273-512","ObjectType":"Group"},{"ObjectIdentifier":"S-1-5-21-525452939-2440030252-1192466273-519","ObjectType":"Group"},{"ObjectIdentifier":"S-1-5-21-525452939-2440030252-1192466273-500","ObjectType":"User"}],"Aces":[{"PrincipalSID":"S-1-5-21-525452939-2440030252-1192466273-512","PrincipalType":"Group","RightName":"Owns","IsInherited":false},{"PrincipalSID":"GLACIS.CORP-S-1-5-32-544","PrincipalType":"Group","RightName":"WriteDacl","IsInherited":false},{"PrincipalSID":"GLACIS.CORP-S-1-5-32-544","PrincipalType":"Group","RightName":"WriteOwner","IsInherited":false},{"PrincipalSID":"GLACIS.CORP-S-1-5-32-544","PrincipalType":"Group","RightName":"GenericWrite","IsInherited":false},{"PrincipalSID":"S-1-5-21-525452939-2440030252-1192466273-512","PrincipalType":"Group","RightName":"WriteDacl","IsInherited":false},{"PrincipalSID":"S-1-5-21-525452939-2440030252-1192466273-512","PrincipalType":"Group","RightName":"WriteOwner","IsInherited":false},{"PrincipalSID":"S-1-5-21-525452939-2440030252-1192466273-512","PrincipalType":"Group","RightName":"GenericWrite","IsInherited":false},{"PrincipalSID":"S-1-5-21-525452939-2440030252-1192466273-519","PrincipalType":"Group","RightName":"WriteDacl","IsInherited":false},{"PrincipalSID":"S-1-5-21-525452939-2440030252-1192466273-519","PrincipalType":"Group","RightName":"WriteOwner","IsInherited":false},{"PrincipalSID":"S-1-5-21-525452939-2440030252-1192466273-519","PrincipalType":"Group","RightName":"GenericWrite","IsInherited":false}],"ObjectIdentifier":"GLACIS.CORP-S-1-5-32-544","IsDeleted":false,"IsACLProtected":true,"ContainedBy":{"ObjectIdentifier":"S-1-5-32","ObjectType":"Base"}},{"Properties":{"domain":"GLACIS.CORP","name":"HYPER-V ADMINISTRATORS@GLACIS.CORP","distinguishedname":"CN=HYPER-V ADMINISTRATORS,CN=BUILTIN,DC=GLACIS,DC=CORP","domainsid":"S-1-5-21-525452939-2440030252-1192466273","samaccountname":"Hyper-V Administrators","isaclprotected":false,"description":"Members of this group have complete and unrestricted access to all features of Hyper-V.","whencreated":1644389576,"admincount":false},"Members":[],"Aces":[{"PrincipalSID":"GLACIS.CORP-S-1-5-32-544","PrincipalType":"Group","RightName":"Owns","IsInherited":false},{"PrincipalSID":"GLACIS.CORP-S-1-5-32-548","PrincipalType":"Group","RightName":"GenericAll","IsInherited":false},{"PrincipalSID":"S-1-5-21-525452939-2440030252-1192466273-512","PrincipalType":"Group","RightName":"GenericAll","IsInherited":false},{"PrincipalSID":"S-1-5-21-525452939-2440030252-1192466273-519","PrincipalType":"Group","RightName":"GenericAll","IsInherited":true},{"PrincipalSID":"GLACIS.CORP-S-1-5-32-544","PrincipalType":"Group","RightName":"WriteDacl","IsInherited":true},{"PrincipalSID":"GLACIS.CORP-S-1-5-32-544","PrincipalType":"Group","RightName":"WriteOwner","IsInherited":true},{"PrincipalSID":"GLACIS.CORP-S-1-5-32-544","PrincipalType":"Group","RightName":"GenericWrite","IsInherited":true}],"ObjectIdentifier":"GLACIS.CORP-S-1-5-32-578","IsDeleted":false,"IsACLProtected":false,"ContainedBy":{"ObjectIdentifier":"S-1-5-32","ObjectType":"Base"}},{"Properties":{"domain":"GLACIS.CORP","name":"USERS@GLACIS.CORP","distinguishedname":"CN=USERS,CN=BUILTIN,DC=GLACIS,DC=CORP","domainsid":"S-1-5-21-525452939-2440030252-1192466273","samaccountname":"Users","isaclprotected":false,"description":"Users are prevented from making accidental or intentional system-wide changes and can run most applications","whencreated":1644389576,"admincount":false},"Members":[{"ObjectIdentifier":"S-1-5-21-525452939-2440030252-1192466273-513","ObjectType":"Group"},{"ObjectIdentifier":"GLACIS.CORP-S-1-5-11","ObjectType":"Group"},{"ObjectIdentifier":"GLACIS.CORP-S-1-5-4","ObjectType":"Group"}],"Aces":[{"PrincipalSID":"GLACIS.CORP-S-1-5-32-544","PrincipalType":"Group","RightName":"Owns","IsInherited":false},{"PrincipalSID":"GLACIS.CORP-S-1-5-32-548","PrincipalType":"Group","RightName":"GenericAll","IsInherited":false},{"PrincipalSID":"S-1-5-21-525452939-2440030252-1192466273-512","PrincipalType":"Group","RightName":"GenericAll","IsInherited":false},{"PrincipalSID":"S-1-5-21-525452939-2440030252-1192466273-519","PrincipalType":"Group","RightName":"GenericAll","IsInherited":true},{"PrincipalSID":"GLACIS.CORP-S-1-5-32-544","PrincipalType":"Group","RightName":"WriteDacl","IsInherited":true},{"PrincipalSID":"GLACIS.CORP-S-1-5-32-544","PrincipalType":"Group","RightName":"WriteOwner","IsInherited":true},{"PrincipalSID":"GLACIS.CORP-S-1-5-32-544","PrincipalType":"Group","RightName":"GenericWrite","IsInherited":true}],"ObjectIdentifier":"GLACIS.CORP-S-1-5-32-545","IsDeleted":false,"IsACLProtected":false,"ContainedBy":{"ObjectIdentifier":"S-1-5-32","ObjectType":"Base"}},{"Properties":{"name":"BACKUP OPERATORS@GLACIS.CORP","domainsid":"S-1-5-21-525452939-2440030252-1192466273","domain":"GLACIS.CORP","reconcile":false},"Members":[],"Aces":[],"ObjectIdentifier":"GLACIS.CORP-S-1-5-32-551","IsDeleted":false,"IsACLProtected":false,"ContainedBy":null},{"Properties":{"name":"CRYPTOGRAPHIC OPERATORS@GLACIS.CORP","domainsid":"S-1-5-21-525452939-2440030252-1192466273","domain":"GLACIS.CORP","reconcile":false},"Members":[],"Aces":[],"ObjectIdentifier":"GLACIS.CORP-S-1-5-32-569","IsDeleted":false,"IsACLProtected":false,"ContainedBy":null},{"Properties":{"name":"ACCESS CONTROL ASSISTANCE OPERATORS@GLACIS.CORP","domainsid":"S-1-5-21-525452939-2440030252-1192466273","domain":"GLACIS.CORP","reconcile":false},"Members":[],"Aces":[],"ObjectIdentifier":"GLACIS.CORP-S-1-5-32-579","IsDeleted":false,"IsACLProtected":false,"ContainedBy":null},{"Properties":{"name":"SERVER OPERATORS@GLACIS.CORP","domainsid":"S-1-5-21-525452939-2440030252-1192466273","domain":"GLACIS.CORP","reconcile":false},"Members":[],"Aces":[],"ObjectIdentifier":"GLACIS.CORP-S-1-5-32-549","IsDeleted":false,"IsACLProtected":false,"ContainedBy":null},{"Properties":{"name":"PERFORMANCE LOG USERS@GLACIS.CORP","domainsid":"S-1-5-21-525452939-2440030252-1192466273","domain":"GLACIS.CORP","reconcile":false},"Members":[],"Aces":[],"ObjectIdentifier":"GLACIS.CORP-S-1-5-32-559","IsDeleted":false,"IsACLProtected":false,"ContainedBy":null},{"Properties":{"name":"AUTHENTICATED USERS@GLACIS.CORP","domainsid":"S-1-5-21-525452939-2440030252-1192466273","domain":"GLACIS.CORP","reconcile":false},"Members":[],"Aces":[],"ObjectIdentifier":"GLACIS.CORP-S-1-5-11","IsDeleted":false,"IsACLProtected":false,"ContainedBy":null},{"Properties":{"name":"RDS ENDPOINT SERVERS@GLACIS.CORP","domainsid":"S-1-5-21-525452939-2440030252-1192466273","domain":"GLACIS.CORP","reconcile":false},"Members":[],"Aces":[],"ObjectIdentifier":"GLACIS.CORP-S-1-5-32-576","IsDeleted":false,"IsACLProtected":false,"ContainedBy":null},{"Properties":{"name":"GUESTS@GLACIS.CORP","domainsid":"S-1-5-21-525452939-2440030252-1192466273","domain":"GLACIS.CORP","reconcile":false},"Members":[],"Aces":[],"ObjectIdentifier":"GLACIS.CORP-S-1-5-32-546","IsDeleted":false,"IsACLProtected":false,"ContainedBy":null},{"Properties":{"name":"NETWORK CONFIGURATION OPERATORS@GLACIS.CORP","domainsid":"S-1-5-21-525452939-2440030252-1192466273","domain":"GLACIS.CORP","reconcile":false},"Members":[],"Aces":[],"ObjectIdentifier":"GLACIS.CORP-S-1-5-32-556","IsDeleted":false,"IsACLProtected":false,"ContainedBy":null},{"Properties":{"name":"EVENT LOG READERS@GLACIS.CORP","domainsid":"S-1-5-21-525452939-2440030252-1192466273","domain":"GLACIS.CORP","reconcile":false},"Members":[],"Aces":[],"ObjectIdentifier":"GLACIS.CORP-S-1-5-32-573","IsDeleted":false,"IsACLProtected":false,"ContainedBy":null},{"Properties":{"name":"WINDOWS AUTHORIZATION ACCESS GROUP@GLACIS.CORP","domainsid":"S-1-5-21-525452939-2440030252-1192466273","domain":"GLACIS.CORP","reconcile":false},"Members":[],"Aces":[],"ObjectIdentifier":"GLACIS.CORP-S-1-5-32-560","IsDeleted":false,"IsACLProtected":false,"ContainedBy":null},{"Properties":{"name":"PRINT OPERATORS@GLACIS.CORP","domainsid":"S-1-5-21-525452939-2440030252-1192466273","domain":"GLACIS.CORP","reconcile":false},"Members":[],"Aces":[],"ObjectIdentifier":"GLACIS.CORP-S-1-5-32-550","IsDeleted":false,"IsACLProtected":false,"ContainedBy":null},{"Properties":{"name":"IIS_IUSRS@GLACIS.CORP","domainsid":"S-1-5-21-525452939-2440030252-1192466273","domain":"GLACIS.CORP","reconcile":false},"Members":[],"Aces":[],"ObjectIdentifier":"GLACIS.CORP-S-1-5-32-568","IsDeleted":false,"IsACLProtected":false,"ContainedBy":null},{"Properties":{"name":"HYPER-V ADMINISTRATORS@GLACIS.CORP","domainsid":"S-1-5-21-525452939-2440030252-1192466273","domain":"GLACIS.CORP","reconcile":false},"Members":[],"Aces":[],"ObjectIdentifier":"GLACIS.CORP-S-1-5-32-578","IsDeleted":false,"IsACLProtected":false,"ContainedBy":null},{"Properties":{"name":"ACCOUNT OPERATORS@GLACIS.CORP","domainsid":"S-1-5-21-525452939-2440030252-1192466273","domain":"GLACIS.CORP","reconcile":false},"Members":[],"Aces":[],"ObjectIdentifier":"GLACIS.CORP-S-1-5-32-548","IsDeleted":false,"IsACLProtected":false,"ContainedBy":null},{"Properties":{"name":"REMOTE MANAGEMENT USERS@GLACIS.CORP","domainsid":"S-1-5-21-525452939-2440030252-1192466273","domain":"GLACIS.CORP","reconcile":false},"Members":[],"Aces":[],"ObjectIdentifier":"GLACIS.CORP-S-1-5-32-580","IsDeleted":false,"IsACLProtected":false,"ContainedBy":null},{"Properties":{"name":"PERFORMANCE MONITOR USERS@GLACIS.CORP","domainsid":"S-1-5-21-525452939-2440030252-1192466273","domain":"GLACIS.CORP","reconcile":false},"Members":[],"Aces":[],"ObjectIdentifier":"GLACIS.CORP-S-1-5-32-558","IsDeleted":false,"IsACLProtected":false,"ContainedBy":null},{"Properties":{"name":"RDS REMOTE ACCESS SERVERS@GLACIS.CORP","domainsid":"S-1-5-21-525452939-2440030252-1192466273","domain":"GLACIS.CORP","reconcile":false},"Members":[],"Aces":[],"ObjectIdentifier":"GLACIS.CORP-S-1-5-32-575","IsDeleted":false,"IsACLProtected":false,"ContainedBy":null},{"Properties":{"name":"USERS@GLACIS.CORP","domainsid":"S-1-5-21-525452939-2440030252-1192466273","domain":"GLACIS.CORP","reconcile":false},"Members":[],"Aces":[],"ObjectIdentifier":"GLACIS.CORP-S-1-5-32-545","IsDeleted":false,"IsACLProtected":false,"ContainedBy":null},{"Properties":{"name":"REMOTE DESKTOP USERS@GLACIS.CORP","domainsid":"S-1-5-21-525452939-2440030252-1192466273","domain":"GLACIS.CORP","reconcile":false},"Members":[],"Aces":[],"ObjectIdentifier":"GLACIS.CORP-S-1-5-32-555","IsDeleted":false,"IsACLProtected":false,"ContainedBy":null},{"Properties":{"name":"IUSR@GLACIS.CORP","domainsid":"S-1-5-21-525452939-2440030252-1192466273","domain":"GLACIS.CORP","reconcile":false},"Members":[],"Aces":[],"ObjectIdentifier":"GLACIS.CORP-S-1-5-17","IsDeleted":false,"IsACLProtected":false,"ContainedBy":null},{"Properties":{"name":"DISTRIBUTED COM USERS@GLACIS.CORP","domainsid":"S-1-5-21-525452939-2440030252-1192466273","domain":"GLACIS.CORP","reconcile":false},"Members":[],"Aces":[],"ObjectIdentifier":"GLACIS.CORP-S-1-5-32-562","IsDeleted":false,"IsACLProtected":false,"ContainedBy":null},{"Properties":{"name":"REPLICATORS@GLACIS.CORP","domainsid":"S-1-5-21-525452939-2440030252-1192466273","domain":"GLACIS.CORP","reconcile":false},"Members":[],"Aces":[],"ObjectIdentifier":"GLACIS.CORP-S-1-5-32-552","IsDeleted":false,"IsACLProtected":false,"ContainedBy":null},{"Properties":{"name":"INTERACTIVE@GLACIS.CORP","domainsid":"S-1-5-21-525452939-2440030252-1192466273","domain":"GLACIS.CORP","reconcile":false},"Members":[],"Aces":[],"ObjectIdentifier":"GLACIS.CORP-S-1-5-4","IsDeleted":false,"IsACLProtected":false,"ContainedBy":null},{"Properties":{"name":"STORAGE REPLICA ADMINISTRATORS@GLACIS.CORP","domainsid":"S-1-5-21-525452939-2440030252-1192466273","domain":"GLACIS.CORP","reconcile":false},"Members":[],"Aces":[],"ObjectIdentifier":"GLACIS.CORP-S-1-5-32-582","IsDeleted":false,"IsACLProtected":false,"ContainedBy":null},{"Properties":{"name":"RDS MANAGEMENT SERVERS@GLACIS.CORP","domainsid":"S-1-5-21-525452939-2440030252-1192466273","domain":"GLACIS.CORP","reconcile":false},"Members":[],"Aces":[],"ObjectIdentifier":"GLACIS.CORP-S-1-5-32-577","IsDeleted":false,"IsACLProtected":false,"ContainedBy":null},{"Properties":{"name":"INCOMING FOREST TRUST BUILDERS@GLACIS.CORP","domainsid":"S-1-5-21-525452939-2440030252-1192466273","domain":"GLACIS.CORP","reconcile":false},"Members":[],"Aces":[],"ObjectIdentifier":"GLACIS.CORP-S-1-5-32-557","IsDeleted":false,"IsACLProtected":false,"ContainedBy":null},{"Properties":{"name":"CERTIFICATE SERVICE DCOM ACCESS@GLACIS.CORP","domainsid":"S-1-5-21-525452939-2440030252-1192466273","domain":"GLACIS.CORP","reconcile":false},"Members":[],"Aces":[],"ObjectIdentifier":"GLACIS.CORP-S-1-5-32-574","IsDeleted":false,"IsACLProtected":false,"ContainedBy":null},{"Properties":{"name":"EVERYONE@GLACIS.CORP","domainsid":"S-1-5-21-525452939-2440030252-1192466273","domain":"GLACIS.CORP","reconcile":false},"Members":[],"Aces":[],"ObjectIdentifier":"GLACIS.CORP-S-1-1-0","IsDeleted":false,"IsACLProtected":false,"ContainedBy":null},{"Properties":{"name":"ADMINISTRATORS@GLACIS.CORP","domainsid":"S-1-5-21-525452939-2440030252-1192466273","domain":"GLACIS.CORP","reconcile":false},"Members":[],"Aces":[],"ObjectIdentifier":"GLACIS.CORP-S-1-5-32-544","IsDeleted":false,"IsACLProtected":false,"ContainedBy":null},{"Properties":{"name":"TERMINAL SERVER LICENSE SERVERS@GLACIS.CORP","domainsid":"S-1-5-21-525452939-2440030252-1192466273","domain":"GLACIS.CORP","reconcile":false},"Members":[],"Aces":[],"ObjectIdentifier":"GLACIS.CORP-S-1-5-32-561","IsDeleted":false,"IsACLProtected":false,"ContainedBy":null},{"Properties":{"name":"PRE-WINDOWS 2000 COMPATIBLE ACCESS@GLACIS.CORP","domainsid":"S-1-5-21-525452939-2440030252-1192466273","domain":"GLACIS.CORP","reconcile":false},"Members":[],"Aces":[],"ObjectIdentifier":"GLACIS.CORP-S-1-5-32-554","IsDeleted":false,"IsACLProtected":false,"ContainedBy":null},{"Properties":{"name":"ENTERPRISE DOMAIN CONTROLLERS@GLACIS.CORP","domainsid":"S-1-5-21-525452939-2440030252-1192466273","domain":"glacis.corp"},"Members":[{"ObjectIdentifier":"S-1-5-21-525452939-2440030252-1192466273-1000","ObjectType":"Computer"}],"Aces":[],"ObjectIdentifier":"GLACIS.CORP-S-1-5-9","IsDeleted":false,"IsACLProtected":false,"ContainedBy":null}],"meta":{"methods":521215,"type":"groups","count":82,"version":6}}