{"data":[{"Properties":{"domain":"GLACIS.CORP","name":"ADMINISTRATOR@GLACIS.CORP","distinguishedname":"CN=ADMINISTRATOR,CN=USERS,DC=GLACIS,DC=CORP","domainsid":"S-1-5-21-525452939-2440030252-1192466273","samaccountname":"Administrator","isaclprotected":true,"description":"Built-in account for administering the computer/domain","whencreated":1644389576,"sensitive":false,"dontreqpreauth":false,"passwordnotreqd":false,"unconstraineddelegation":false,"pwdneverexpires":true,"enabled":true,"trustedtoauth":false,"lastlogon":1659076834,"lastlogontimestamp":1658917307,"pwdlastset":1644402303,"serviceprincipalnames":[],"hasspn":false,"displayname":null,"email":null,"title":null,"homedirectory":null,"userpassword":null,"unixpassword":null,"unicodepassword":null,"sfupassword":null,"logonscript":null,"admincount":true,"sidhistory":[]},"AllowedToDelegate":[],"PrimaryGroupSID":"S-1-5-21-525452939-2440030252-1192466273-513","HasSIDHistory":[],"SPNTargets":[],"Aces":[{"PrincipalSID":"S-1-5-21-525452939-2440030252-1192466273-512","PrincipalType":"Group","RightName":"Owns","IsInherited":false},{"PrincipalSID":"GLACIS.CORP-S-1-5-32-544","PrincipalType":"Group","RightName":"WriteDacl","IsInherited":false},{"PrincipalSID":"GLACIS.CORP-S-1-5-32-544","PrincipalType":"Group","RightName":"WriteOwner","IsInherited":false},{"PrincipalSID":"GLACIS.CORP-S-1-5-32-544","PrincipalType":"Group","RightName":"AllExtendedRights","IsInherited":false},{"PrincipalSID":"GLACIS.CORP-S-1-5-32-544","PrincipalType":"Group","RightName":"GenericWrite","IsInherited":false},{"PrincipalSID":"S-1-5-21-525452939-2440030252-1192466273-512","PrincipalType":"Group","RightName":"WriteDacl","IsInherited":false},{"PrincipalSID":"S-1-5-21-525452939-2440030252-1192466273-512","PrincipalType":"Group","RightName":"WriteOwner","IsInherited":false},{"PrincipalSID":"S-1-5-21-525452939-2440030252-1192466273-512","PrincipalType":"Group","RightName":"AllExtendedRights","IsInherited":false},{"PrincipalSID":"S-1-5-21-525452939-2440030252-1192466273-512","PrincipalType":"Group","RightName":"GenericWrite","IsInherited":false},{"PrincipalSID":"S-1-5-21-525452939-2440030252-1192466273-519","PrincipalType":"Group","RightName":"WriteDacl","IsInherited":false},{"PrincipalSID":"S-1-5-21-525452939-2440030252-1192466273-519","PrincipalType":"Group","RightName":"WriteOwner","IsInherited":false},{"PrincipalSID":"S-1-5-21-525452939-2440030252-1192466273-519","PrincipalType":"Group","RightName":"AllExtendedRights","IsInherited":false},{"PrincipalSID":"S-1-5-21-525452939-2440030252-1192466273-519","PrincipalType":"Group","RightName":"GenericWrite","IsInherited":false}],"ObjectIdentifier":"S-1-5-21-525452939-2440030252-1192466273-500","IsDeleted":false,"IsACLProtected":true,"ContainedBy":{"ObjectIdentifier":"8280E31E-8ACD-4D8F-AF86-5AD96C5095D8","ObjectType":"Container"}},{"Properties":{"domain":"GLACIS.CORP","name":"GUEST@GLACIS.CORP","distinguishedname":"CN=GUEST,CN=USERS,DC=GLACIS,DC=CORP","domainsid":"S-1-5-21-525452939-2440030252-1192466273","samaccountname":"Guest","isaclprotected":false,"description":"Built-in account for guest access to the computer/domain","whencreated":1644389576,"sensitive":false,"dontreqpreauth":false,"passwordnotreqd":true,"unconstraineddelegation":false,"pwdneverexpires":true,"enabled":false,"trustedtoauth":false,"lastlogon":0,"lastlogontimestamp":-1,"pwdlastset":0,"serviceprincipalnames":[],"hasspn":false,"displayname":null,"email":null,"title":null,"homedirectory":null,"userpassword":null,"unixpassword":null,"unicodepassword":null,"sfupassword":null,"logonscript":null,"admincount":false,"sidhistory":[]},"AllowedToDelegate":[],"PrimaryGroupSID":"S-1-5-21-525452939-2440030252-1192466273-514","HasSIDHistory":[],"SPNTargets":[],"Aces":[{"PrincipalSID":"GLACIS.CORP-S-1-5-32-544","PrincipalType":"Group","RightName":"Owns","IsInherited":false},{"PrincipalSID":"GLACIS.CORP-S-1-5-32-548","PrincipalType":"Group","RightName":"GenericAll","IsInherited":false},{"PrincipalSID":"S-1-5-21-525452939-2440030252-1192466273-512","PrincipalType":"Group","RightName":"GenericAll","IsInherited":false},{"PrincipalSID":"S-1-5-21-525452939-2440030252-1192466273-526","PrincipalType":"Group","RightName":"AddKeyCredentialLink","IsInherited":true},{"PrincipalSID":"S-1-5-21-525452939-2440030252-1192466273-527","PrincipalType":"Group","RightName":"AddKeyCredentialLink","IsInherited":true},{"PrincipalSID":"S-1-5-21-525452939-2440030252-1192466273-519","PrincipalType":"Group","RightName":"GenericAll","IsInherited":true},{"PrincipalSID":"GLACIS.CORP-S-1-5-32-544","PrincipalType":"Group","RightName":"WriteDacl","IsInherited":true},{"PrincipalSID":"GLACIS.CORP-S-1-5-32-544","PrincipalType":"Group","RightName":"WriteOwner","IsInherited":true},{"PrincipalSID":"GLACIS.CORP-S-1-5-32-544","PrincipalType":"Group","RightName":"AllExtendedRights","IsInherited":true},{"PrincipalSID":"GLACIS.CORP-S-1-5-32-544","PrincipalType":"Group","RightName":"GenericWrite","IsInherited":true}],"ObjectIdentifier":"S-1-5-21-525452939-2440030252-1192466273-501","IsDeleted":false,"IsACLProtected":false,"ContainedBy":{"ObjectIdentifier":"8280E31E-8ACD-4D8F-AF86-5AD96C5095D8","ObjectType":"Container"}},{"Properties":{"domain":"GLACIS.CORP","name":"KRBTGT@GLACIS.CORP","distinguishedname":"CN=KRBTGT,CN=USERS,DC=GLACIS,DC=CORP","domainsid":"S-1-5-21-525452939-2440030252-1192466273","samaccountname":"krbtgt","isaclprotected":true,"description":"Key Distribution Center Service Account","whencreated":1644389646,"sensitive":false,"dontreqpreauth":false,"passwordnotreqd":false,"unconstraineddelegation":false,"pwdneverexpires":false,"enabled":false,"trustedtoauth":false,"lastlogon":0,"lastlogontimestamp":-1,"pwdlastset":1644418446,"serviceprincipalnames":["kadmin/changepw"],"hasspn":true,"displayname":null,"email":null,"title":null,"homedirectory":null,"userpassword":null,"unixpassword":null,"unicodepassword":null,"sfupassword":null,"logonscript":null,"admincount":true,"sidhistory":[]},"AllowedToDelegate":[],"PrimaryGroupSID":"S-1-5-21-525452939-2440030252-1192466273-513","HasSIDHistory":[],"SPNTargets":[],"Aces":[{"PrincipalSID":"S-1-5-21-525452939-2440030252-1192466273-512","PrincipalType":"Group","RightName":"Owns","IsInherited":false},{"PrincipalSID":"GLACIS.CORP-S-1-5-32-544","PrincipalType":"Group","RightName":"WriteDacl","IsInherited":false},{"PrincipalSID":"GLACIS.CORP-S-1-5-32-544","PrincipalType":"Group","RightName":"WriteOwner","IsInherited":false},{"PrincipalSID":"GLACIS.CORP-S-1-5-32-544","PrincipalType":"Group","RightName":"AllExtendedRights","IsInherited":false},{"PrincipalSID":"GLACIS.CORP-S-1-5-32-544","PrincipalType":"Group","RightName":"GenericWrite","IsInherited":false},{"PrincipalSID":"S-1-5-21-525452939-2440030252-1192466273-512","PrincipalType":"Group","RightName":"WriteDacl","IsInherited":false},{"PrincipalSID":"S-1-5-21-525452939-2440030252-1192466273-512","PrincipalType":"Group","RightName":"WriteOwner","IsInherited":false},{"PrincipalSID":"S-1-5-21-525452939-2440030252-1192466273-512","PrincipalType":"Group","RightName":"AllExtendedRights","IsInherited":false},{"PrincipalSID":"S-1-5-21-525452939-2440030252-1192466273-512","PrincipalType":"Group","RightName":"GenericWrite","IsInherited":false},{"PrincipalSID":"S-1-5-21-525452939-2440030252-1192466273-519","PrincipalType":"Group","RightName":"WriteDacl","IsInherited":false},{"PrincipalSID":"S-1-5-21-525452939-2440030252-1192466273-519","PrincipalType":"Group","RightName":"WriteOwner","IsInherited":false},{"PrincipalSID":"S-1-5-21-525452939-2440030252-1192466273-519","PrincipalType":"Group","RightName":"AllExtendedRights","IsInherited":false},{"PrincipalSID":"S-1-5-21-525452939-2440030252-1192466273-519","PrincipalType":"Group","RightName":"GenericWrite","IsInherited":false}],"ObjectIdentifier":"S-1-5-21-525452939-2440030252-1192466273-502","IsDeleted":false,"IsACLProtected":true,"ContainedBy":{"ObjectIdentifier":"8280E31E-8ACD-4D8F-AF86-5AD96C5095D8","ObjectType":"Container"}},{"Properties":{"domain":"GLACIS.CORP","name":"DBMASTER@GLACIS.CORP","distinguishedname":"CN=DB MASTER,CN=USERS,DC=GLACIS,DC=CORP","domainsid":"S-1-5-21-525452939-2440030252-1192466273","samaccountname":"dbmaster","isaclprotected":false,"description":null,"whencreated":1657852997,"sensitive":false,"dontreqpreauth":false,"passwordnotreqd":false,"unconstraineddelegation":false,"pwdneverexpires":true,"enabled":true,"trustedtoauth":true,"allowedtodelegate":["time/glacis-dc.glacis.corp","time/glacis-dc"],"lastlogon":1658934457,"lastlogontimestamp":1658917477,"pwdlastset":1657878198,"serviceprincipalnames":["SQLAGENT/sqlsrv3.glacis.corp","SQLAGENT/sqlsrv3"],"hasspn":true,"displayname":"db master","email":null,"title":null,"homedirectory":null,"userpassword":null,"unixpassword":null,"unicodepassword":null,"sfupassword":null,"logonscript":null,"admincount":false,"sidhistory":[]},"AllowedToDelegate":[{"ObjectIdentifier":"S-1-5-21-525452939-2440030252-1192466273-1000","ObjectType":"Computer"}],"PrimaryGroupSID":"S-1-5-21-525452939-2440030252-1192466273-513","HasSIDHistory":[],"SPNTargets":[],"Aces":[{"PrincipalSID":"S-1-5-21-525452939-2440030252-1192466273-512","PrincipalType":"Group","RightName":"Owns","IsInherited":false},{"PrincipalSID":"GLACIS.CORP-S-1-5-32-548","PrincipalType":"Group","RightName":"GenericAll","IsInherited":false},{"PrincipalSID":"S-1-5-21-525452939-2440030252-1192466273-512","PrincipalType":"Group","RightName":"GenericAll","IsInherited":false},{"PrincipalSID":"S-1-5-21-525452939-2440030252-1192466273-526","PrincipalType":"Group","RightName":"AddKeyCredentialLink","IsInherited":true},{"PrincipalSID":"S-1-5-21-525452939-2440030252-1192466273-527","PrincipalType":"Group","RightName":"AddKeyCredentialLink","IsInherited":true},{"PrincipalSID":"S-1-5-21-525452939-2440030252-1192466273-519","PrincipalType":"Group","RightName":"GenericAll","IsInherited":true},{"PrincipalSID":"GLACIS.CORP-S-1-5-32-544","PrincipalType":"Group","RightName":"WriteDacl","IsInherited":true},{"PrincipalSID":"GLACIS.CORP-S-1-5-32-544","PrincipalType":"Group","RightName":"WriteOwner","IsInherited":true},{"PrincipalSID":"GLACIS.CORP-S-1-5-32-544","PrincipalType":"Group","RightName":"AllExtendedRights","IsInherited":true},{"PrincipalSID":"GLACIS.CORP-S-1-5-32-544","PrincipalType":"Group","RightName":"GenericWrite","IsInherited":true}],"ObjectIdentifier":"S-1-5-21-525452939-2440030252-1192466273-1104","IsDeleted":false,"IsACLProtected":false,"ContainedBy":{"ObjectIdentifier":"8280E31E-8ACD-4D8F-AF86-5AD96C5095D8","ObjectType":"Container"}}],"meta":{"methods":521215,"type":"users","count":4,"version":6}}