{"data":[{"GPOChanges":{"LocalAdmins":[],"RemoteDesktopUsers":[],"DcomUsers":[],"PSRemoteUsers":[],"AffectedComputers":[]},"Properties":{"domain":"GLACIS.CORP","name":"DOMAIN CONTROLLERS@GLACIS.CORP","distinguishedname":"OU=DOMAIN CONTROLLERS,DC=GLACIS,DC=CORP","domainsid":"S-1-5-21-525452939-2440030252-1192466273","isaclprotected":false,"description":"Default container for domain controllers","whencreated":1644389573,"blocksinheritance":false},"Links":[{"IsEnforced":false,"GUID":"283C4C7C-2ACD-403E-9C07-626D488F739F"}],"ChildObjects":[],"Aces":[{"PrincipalSID":"S-1-5-21-525452939-2440030252-1192466273-512","PrincipalType":"Group","RightName":"Owns","IsInherited":false},{"PrincipalSID":"S-1-5-21-525452939-2440030252-1192466273-512","PrincipalType":"Group","RightName":"WriteDacl","IsInherited":false},{"PrincipalSID":"S-1-5-21-525452939-2440030252-1192466273-512","PrincipalType":"Group","RightName":"WriteOwner","IsInherited":false},{"PrincipalSID":"S-1-5-21-525452939-2440030252-1192466273-519","PrincipalType":"Group","RightName":"GenericAll","IsInherited":true},{"PrincipalSID":"GLACIS.CORP-S-1-5-32-544","PrincipalType":"Group","RightName":"WriteDacl","IsInherited":true},{"PrincipalSID":"GLACIS.CORP-S-1-5-32-544","PrincipalType":"Group","RightName":"WriteOwner","IsInherited":true}],"ObjectIdentifier":"C3657AD0-F140-4864-B5B8-4FA0A6CD0770","IsDeleted":false,"IsACLProtected":false,"ContainedBy":{"ObjectIdentifier":"S-1-5-21-525452939-2440030252-1192466273","ObjectType":"Domain"}}],"meta":{"methods":521215,"type":"ous","count":1,"version":6}}