{"data":[{"GPOChanges":{"LocalAdmins":[],"RemoteDesktopUsers":[],"DcomUsers":[],"PSRemoteUsers":[],"AffectedComputers":[]},"Properties":{"domain":"CITADEL.CORP","name":"RESTRICEDACCESS@CITADEL.CORP","distinguishedname":"OU=RESTRICEDACCESS,DC=CITADEL,DC=CORP","domainsid":"S-1-5-21-253487801-221673152-1815095224","isaclprotected":false,"description":null,"whencreated":1658221341,"blocksinheritance":false},"Links":[],"ChildObjects":[],"Aces":[{"PrincipalSID":"S-1-5-21-253487801-221673152-1815095224-512","PrincipalType":"Group","RightName":"Owns","IsInherited":false},{"PrincipalSID":"S-1-5-21-253487801-221673152-1815095224-512","PrincipalType":"Group","RightName":"GenericAll","IsInherited":false},{"PrincipalSID":"S-1-5-21-253487801-221673152-1815095224-519","PrincipalType":"Group","RightName":"GenericAll","IsInherited":true},{"PrincipalSID":"CITADEL.CORP-S-1-5-32-544","PrincipalType":"Group","RightName":"WriteDacl","IsInherited":true},{"PrincipalSID":"CITADEL.CORP-S-1-5-32-544","PrincipalType":"Group","RightName":"WriteOwner","IsInherited":true}],"ObjectIdentifier":"C01BD9FE-C2BB-4968-A3DC-D4C520A530CC","IsDeleted":false,"IsACLProtected":false,"ContainedBy":{"ObjectIdentifier":"S-1-5-21-253487801-221673152-1815095224","ObjectType":"Domain"}},{"GPOChanges":{"LocalAdmins":[],"RemoteDesktopUsers":[],"DcomUsers":[],"PSRemoteUsers":[],"AffectedComputers":[{"ObjectIdentifier":"S-1-5-21-253487801-221673152-1815095224-1000","ObjectType":"Computer"}]},"Properties":{"domain":"CITADEL.CORP","name":"DOMAIN CONTROLLERS@CITADEL.CORP","distinguishedname":"OU=DOMAIN CONTROLLERS,DC=CITADEL,DC=CORP","domainsid":"S-1-5-21-253487801-221673152-1815095224","isaclprotected":false,"description":"Default container for domain controllers","whencreated":1644389355,"blocksinheritance":false},"Links":[{"IsEnforced":false,"GUID":"583FD7C2-9567-434E-A074-E0E2EAA3DBC6"}],"ChildObjects":[],"Aces":[{"PrincipalSID":"S-1-5-21-253487801-221673152-1815095224-512","PrincipalType":"Group","RightName":"Owns","IsInherited":false},{"PrincipalSID":"S-1-5-21-253487801-221673152-1815095224-512","PrincipalType":"Group","RightName":"WriteDacl","IsInherited":false},{"PrincipalSID":"S-1-5-21-253487801-221673152-1815095224-512","PrincipalType":"Group","RightName":"WriteOwner","IsInherited":false},{"PrincipalSID":"S-1-5-21-253487801-221673152-1815095224-519","PrincipalType":"Group","RightName":"GenericAll","IsInherited":true},{"PrincipalSID":"CITADEL.CORP-S-1-5-32-544","PrincipalType":"Group","RightName":"WriteDacl","IsInherited":true},{"PrincipalSID":"CITADEL.CORP-S-1-5-32-544","PrincipalType":"Group","RightName":"WriteOwner","IsInherited":true}],"ObjectIdentifier":"947DFB39-5652-4A9B-A9F0-BD37130AFFA7","IsDeleted":false,"IsACLProtected":false,"ContainedBy":{"ObjectIdentifier":"S-1-5-21-253487801-221673152-1815095224","ObjectType":"Domain"}},{"GPOChanges":{"LocalAdmins":[],"RemoteDesktopUsers":[],"DcomUsers":[],"PSRemoteUsers":[],"AffectedComputers":[{"ObjectIdentifier":"S-1-5-21-253487801-221673152-1815095224-1106","ObjectType":"Computer"}]},"Properties":{"domain":"CITADEL.CORP","name":"SERVERS@CITADEL.CORP","distinguishedname":"OU=SERVERS,DC=CITADEL,DC=CORP","domainsid":"S-1-5-21-253487801-221673152-1815095224","isaclprotected":false,"description":null,"whencreated":1658813891,"blocksinheritance":false},"Links":[{"IsEnforced":false,"GUID":"5CBD76BD-BD0F-4D0A-AAF8-07D02987F7C3"}],"ChildObjects":[],"Aces":[{"PrincipalSID":"S-1-5-21-253487801-221673152-1815095224-512","PrincipalType":"Group","RightName":"Owns","IsInherited":false},{"PrincipalSID":"S-1-5-21-253487801-221673152-1815095224-512","PrincipalType":"Group","RightName":"GenericAll","IsInherited":false},{"PrincipalSID":"S-1-5-21-253487801-221673152-1815095224-519","PrincipalType":"Group","RightName":"GenericAll","IsInherited":true},{"PrincipalSID":"CITADEL.CORP-S-1-5-32-544","PrincipalType":"Group","RightName":"WriteDacl","IsInherited":true},{"PrincipalSID":"CITADEL.CORP-S-1-5-32-544","PrincipalType":"Group","RightName":"WriteOwner","IsInherited":true}],"ObjectIdentifier":"C4209578-1A27-4548-902E-AB06004B87F3","IsDeleted":false,"IsACLProtected":false,"ContainedBy":{"ObjectIdentifier":"S-1-5-21-253487801-221673152-1815095224","ObjectType":"Domain"}}],"meta":{"methods":521215,"type":"ous","count":3,"version":6}}