{"data":[{"Properties":{"domain":"CITADEL.CORP","name":"SRV71.CITADEL.CORP","distinguishedname":"CN=SRV71,OU=SERVERS,DC=CITADEL,DC=CORP","domainsid":"S-1-5-21-253487801-221673152-1815095224","samaccountname":"SRV71$","haslaps":false,"isaclprotected":false,"description":null,"whencreated":1648605690,"enabled":true,"unconstraineddelegation":false,"trustedtoauth":false,"isdc":false,"lastlogon":1738667027,"lastlogontimestamp":1738661332,"pwdlastset":1738662155,"serviceprincipalnames":["TERMSRV/SRV71","TERMSRV/srv71.citadel.corp","WSMAN/srv71","WSMAN/srv71.citadel.corp","RestrictedKrbHost/SRV71","HOST/SRV71","RestrictedKrbHost/srv71.citadel.corp","HOST/srv71.citadel.corp"],"email":null,"operatingsystem":"Windows Server 2019 Datacenter","sidhistory":[]},"PrimaryGroupSID":"S-1-5-21-253487801-221673152-1815095224-515","AllowedToDelegate":[],"AllowedToAct":[],"HasSIDHistory":[],"DumpSMSAPassword":[],"Sessions":{"Results":[],"Collected":false,"FailureReason":"ErrorAccessDenied"},"PrivilegedSessions":{"Results":[],"Collected":false,"FailureReason":"ErrorAccessDenied"},"RegistrySessions":{"Results":[],"Collected":true,"FailureReason":null},"LocalGroups":[],"UserRights":[{"Privilege":"SeRemoteInteractiveLogonRight","Results":[],"LocalNames":[],"Collected":false,"FailureReason":"LSAEnumerateAccountsWithUserRights returned StatusAccessDenied"}],"DCRegistryData":{"CertificateMappingMethods":null,"StrongCertificateBindingEnforcement":null},"Status":null,"IsDC":false,"DomainSID":"S-1-5-21-253487801-221673152-1815095224","Aces":[{"PrincipalSID":"S-1-5-21-253487801-221673152-1815095224-512","PrincipalType":"Group","RightName":"Owns","IsInherited":false},{"PrincipalSID":"CITADEL.CORP-S-1-5-32-548","PrincipalType":"Group","RightName":"GenericAll","IsInherited":false},{"PrincipalSID":"S-1-5-21-253487801-221673152-1815095224-512","PrincipalType":"Group","RightName":"GenericAll","IsInherited":false},{"PrincipalSID":"S-1-5-21-253487801-221673152-1815095224-512","PrincipalType":"Group","RightName":"WriteAccountRestrictions","IsInherited":false},{"PrincipalSID":"S-1-5-21-253487801-221673152-1815095224-526","PrincipalType":"Group","RightName":"AddKeyCredentialLink","IsInherited":true},{"PrincipalSID":"S-1-5-21-253487801-221673152-1815095224-527","PrincipalType":"Group","RightName":"AddKeyCredentialLink","IsInherited":true},{"PrincipalSID":"S-1-5-21-253487801-221673152-1815095224-519","PrincipalType":"Group","RightName":"GenericAll","IsInherited":true},{"PrincipalSID":"CITADEL.CORP-S-1-5-32-544","PrincipalType":"Group","RightName":"WriteDacl","IsInherited":true},{"PrincipalSID":"CITADEL.CORP-S-1-5-32-544","PrincipalType":"Group","RightName":"WriteOwner","IsInherited":true},{"PrincipalSID":"CITADEL.CORP-S-1-5-32-544","PrincipalType":"Group","RightName":"GenericWrite","IsInherited":true}],"ObjectIdentifier":"S-1-5-21-253487801-221673152-1815095224-1106","IsDeleted":false,"IsACLProtected":false,"ContainedBy":{"ObjectIdentifier":"C4209578-1A27-4548-902E-AB06004B87F3","ObjectType":"OU"}},{"Properties":{"domain":"CITADEL.CORP","name":"PAWSRV.CITADEL.CORP","distinguishedname":"CN=PAWSRV,CN=COMPUTERS,DC=CITADEL,DC=CORP","domainsid":"S-1-5-21-253487801-221673152-1815095224","samaccountname":"PAWSRV$","haslaps":false,"isaclprotected":false,"description":null,"whencreated":1644390452,"enabled":true,"unconstraineddelegation":false,"trustedtoauth":false,"isdc":false,"lastlogon":1738667028,"lastlogontimestamp":1738661331,"pwdlastset":1738661528,"serviceprincipalnames":["TERMSRV/PAWSRV","TERMSRV/pawsrv.citadel.corp","WSMAN/pawsrv","WSMAN/pawsrv.citadel.corp","RestrictedKrbHost/PAWSRV","HOST/PAWSRV","RestrictedKrbHost/pawsrv.citadel.corp","HOST/pawsrv.citadel.corp"],"email":null,"operatingsystem":"Windows Server 2019 Datacenter","sidhistory":[]},"PrimaryGroupSID":"S-1-5-21-253487801-221673152-1815095224-515","AllowedToDelegate":[],"AllowedToAct":[],"HasSIDHistory":[],"DumpSMSAPassword":[],"Sessions":{"Results":[],"Collected":false,"FailureReason":"ErrorAccessDenied"},"PrivilegedSessions":{"Results":[],"Collected":false,"FailureReason":"ErrorAccessDenied"},"RegistrySessions":{"Results":[],"Collected":true,"FailureReason":null},"LocalGroups":[],"UserRights":[{"Privilege":"SeRemoteInteractiveLogonRight","Results":[],"LocalNames":[],"Collected":false,"FailureReason":"LSAEnumerateAccountsWithUserRights returned StatusAccessDenied"}],"DCRegistryData":{"CertificateMappingMethods":null,"StrongCertificateBindingEnforcement":null},"Status":null,"IsDC":false,"DomainSID":"S-1-5-21-253487801-221673152-1815095224","Aces":[{"PrincipalSID":"S-1-5-21-253487801-221673152-1815095224-512","PrincipalType":"Group","RightName":"Owns","IsInherited":false},{"PrincipalSID":"CITADEL.CORP-S-1-5-32-548","PrincipalType":"Group","RightName":"GenericAll","IsInherited":false},{"PrincipalSID":"S-1-5-21-253487801-221673152-1815095224-512","PrincipalType":"Group","RightName":"GenericAll","IsInherited":false},{"PrincipalSID":"S-1-5-21-253487801-221673152-1815095224-512","PrincipalType":"Group","RightName":"WriteAccountRestrictions","IsInherited":false},{"PrincipalSID":"S-1-5-21-253487801-221673152-1815095224-526","PrincipalType":"Group","RightName":"AddKeyCredentialLink","IsInherited":true},{"PrincipalSID":"S-1-5-21-253487801-221673152-1815095224-527","PrincipalType":"Group","RightName":"AddKeyCredentialLink","IsInherited":true},{"PrincipalSID":"S-1-5-21-253487801-221673152-1815095224-519","PrincipalType":"Group","RightName":"GenericAll","IsInherited":true},{"PrincipalSID":"CITADEL.CORP-S-1-5-32-544","PrincipalType":"Group","RightName":"WriteDacl","IsInherited":true},{"PrincipalSID":"CITADEL.CORP-S-1-5-32-544","PrincipalType":"Group","RightName":"WriteOwner","IsInherited":true},{"PrincipalSID":"CITADEL.CORP-S-1-5-32-544","PrincipalType":"Group","RightName":"GenericWrite","IsInherited":true}],"ObjectIdentifier":"S-1-5-21-253487801-221673152-1815095224-1104","IsDeleted":false,"IsACLProtected":false,"ContainedBy":{"ObjectIdentifier":"2463F52D-5DB8-47B3-9FDA-C312003789F2","ObjectType":"Container"}},{"Properties":{"domain":"CITADEL.CORP","name":"EXAMVM.CITADEL.CORP","distinguishedname":"CN=EXAMVM,CN=COMPUTERS,DC=CITADEL,DC=CORP","domainsid":"S-1-5-21-253487801-221673152-1815095224","samaccountname":"EXAMVM$","haslaps":false,"isaclprotected":false,"description":null,"whencreated":1644390476,"enabled":true,"unconstraineddelegation":false,"trustedtoauth":false,"isdc":false,"lastlogon":1738666994,"lastlogontimestamp":1738661455,"pwdlastset":1738662206,"serviceprincipalnames":["WSMAN/examvm","WSMAN/examvm.citadel.corp","TERMSRV/EXAMVM","TERMSRV/examvm.citadel.corp","RestrictedKrbHost/EXAMVM","HOST/EXAMVM","RestrictedKrbHost/examvm.citadel.corp","HOST/examvm.citadel.corp"],"email":null,"operatingsystem":"Windows Server 2019 Standard","sidhistory":[]},"PrimaryGroupSID":"S-1-5-21-253487801-221673152-1815095224-515","AllowedToDelegate":[],"AllowedToAct":[],"HasSIDHistory":[],"DumpSMSAPassword":[],"Sessions":{"Results":[],"Collected":true,"FailureReason":null},"PrivilegedSessions":{"Results":[{"UserSID":"S-1-5-21-253487801-221673152-1815095224-1113","ComputerSID":"S-1-5-21-253487801-221673152-1815095224-1105"},{"UserSID":"S-1-5-21-253487801-221673152-1815095224-1113","ComputerSID":"S-1-5-21-253487801-221673152-1815095224-1105"},{"UserSID":"S-1-5-21-253487801-221673152-1815095224-1109","ComputerSID":"S-1-5-21-253487801-221673152-1815095224-1105"}],"Collected":true,"FailureReason":null},"RegistrySessions":{"Results":[{"UserSID":"S-1-5-21-253487801-221673152-1815095224-1109","ComputerSID":"S-1-5-21-253487801-221673152-1815095224-1105"},{"UserSID":"S-1-5-21-253487801-221673152-1815095224-1113","ComputerSID":"S-1-5-21-253487801-221673152-1815095224-1105"}],"Collected":true,"FailureReason":null},"LocalGroups":[{"ObjectIdentifier":"S-1-5-21-253487801-221673152-1815095224-1105-579","Name":"ACCESS CONTROL ASSISTANCE OPERATORS@EXAMVM.CITADEL.CORP","Results":[],"LocalNames":[],"Collected":true,"FailureReason":null},{"ObjectIdentifier":"S-1-5-21-253487801-221673152-1815095224-1105-544","Name":"ADMINISTRATORS@EXAMVM.CITADEL.CORP","Results":[{"ObjectIdentifier":"S-1-5-21-253487801-221673152-1815095224-512","ObjectType":"Group"},{"ObjectIdentifier":"S-1-5-21-253487801-221673152-1815095224-1114","ObjectType":"Group"}],"LocalNames":[],"Collected":true,"FailureReason":null},{"ObjectIdentifier":"S-1-5-21-253487801-221673152-1815095224-1105-551","Name":"BACKUP OPERATORS@EXAMVM.CITADEL.CORP","Results":[],"LocalNames":[],"Collected":true,"FailureReason":null},{"ObjectIdentifier":"S-1-5-21-253487801-221673152-1815095224-1105-574","Name":"CERTIFICATE SERVICE DCOM ACCESS@EXAMVM.CITADEL.CORP","Results":[],"LocalNames":[],"Collected":true,"FailureReason":null},{"ObjectIdentifier":"S-1-5-21-253487801-221673152-1815095224-1105-569","Name":"CRYPTOGRAPHIC OPERATORS@EXAMVM.CITADEL.CORP","Results":[],"LocalNames":[],"Collected":true,"FailureReason":null},{"ObjectIdentifier":"S-1-5-21-253487801-221673152-1815095224-1105-583","Name":"DEVICE OWNERS@EXAMVM.CITADEL.CORP","Results":[],"LocalNames":[],"Collected":true,"FailureReason":null},{"ObjectIdentifier":"S-1-5-21-253487801-221673152-1815095224-1105-562","Name":"DISTRIBUTED COM USERS@EXAMVM.CITADEL.CORP","Results":[],"LocalNames":[],"Collected":true,"FailureReason":null},{"ObjectIdentifier":"S-1-5-21-253487801-221673152-1815095224-1105-573","Name":"EVENT LOG READERS@EXAMVM.CITADEL.CORP","Results":[],"LocalNames":[],"Collected":true,"FailureReason":null},{"ObjectIdentifier":"S-1-5-21-253487801-221673152-1815095224-1105-546","Name":"GUESTS@EXAMVM.CITADEL.CORP","Results":[],"LocalNames":[],"Collected":true,"FailureReason":null},{"ObjectIdentifier":"S-1-5-21-253487801-221673152-1815095224-1105-578","Name":"HYPER-V ADMINISTRATORS@EXAMVM.CITADEL.CORP","Results":[],"LocalNames":[],"Collected":true,"FailureReason":null},{"ObjectIdentifier":"S-1-5-21-253487801-221673152-1815095224-1105-568","Name":"IIS_IUSRS@EXAMVM.CITADEL.CORP","Results":[{"ObjectIdentifier":"S-1-5-21-253487801-221673152-1815095224-1105-17","ObjectType":"LocalGroup"}],"LocalNames":[],"Collected":true,"FailureReason":null},{"ObjectIdentifier":"S-1-5-21-253487801-221673152-1815095224-1105-556","Name":"NETWORK CONFIGURATION OPERATORS@EXAMVM.CITADEL.CORP","Results":[],"LocalNames":[],"Collected":true,"FailureReason":null},{"ObjectIdentifier":"S-1-5-21-253487801-221673152-1815095224-1105-559","Name":"PERFORMANCE LOG USERS@EXAMVM.CITADEL.CORP","Results":[],"LocalNames":[],"Collected":true,"FailureReason":null},{"ObjectIdentifier":"S-1-5-21-253487801-221673152-1815095224-1105-558","Name":"PERFORMANCE MONITOR USERS@EXAMVM.CITADEL.CORP","Results":[],"LocalNames":[],"Collected":true,"FailureReason":null},{"ObjectIdentifier":"S-1-5-21-253487801-221673152-1815095224-1105-547","Name":"POWER USERS@EXAMVM.CITADEL.CORP","Results":[],"LocalNames":[],"Collected":true,"FailureReason":null},{"ObjectIdentifier":"S-1-5-21-253487801-221673152-1815095224-1105-550","Name":"PRINT OPERATORS@EXAMVM.CITADEL.CORP","Results":[],"LocalNames":[],"Collected":true,"FailureReason":null},{"ObjectIdentifier":"S-1-5-21-253487801-221673152-1815095224-1105-576","Name":"RDS ENDPOINT SERVERS@EXAMVM.CITADEL.CORP","Results":[],"LocalNames":[],"Collected":true,"FailureReason":null},{"ObjectIdentifier":"S-1-5-21-253487801-221673152-1815095224-1105-577","Name":"RDS MANAGEMENT SERVERS@EXAMVM.CITADEL.CORP","Results":[],"LocalNames":[],"Collected":true,"FailureReason":null},{"ObjectIdentifier":"S-1-5-21-253487801-221673152-1815095224-1105-575","Name":"RDS REMOTE ACCESS SERVERS@EXAMVM.CITADEL.CORP","Results":[],"LocalNames":[],"Collected":true,"FailureReason":null},{"ObjectIdentifier":"S-1-5-21-253487801-221673152-1815095224-1105-555","Name":"REMOTE DESKTOP USERS@EXAMVM.CITADEL.CORP","Results":[{"ObjectIdentifier":"S-1-5-21-253487801-221673152-1815095224-1113","ObjectType":"User"}],"LocalNames":[],"Collected":true,"FailureReason":null},{"ObjectIdentifier":"S-1-5-21-253487801-221673152-1815095224-1105-580","Name":"REMOTE MANAGEMENT USERS@EXAMVM.CITADEL.CORP","Results":[],"LocalNames":[],"Collected":true,"FailureReason":null},{"ObjectIdentifier":"S-1-5-21-253487801-221673152-1815095224-1105-552","Name":"REPLICATOR@EXAMVM.CITADEL.CORP","Results":[],"LocalNames":[],"Collected":true,"FailureReason":null},{"ObjectIdentifier":"S-1-5-21-253487801-221673152-1815095224-1105-582","Name":"STORAGE REPLICA ADMINISTRATORS@EXAMVM.CITADEL.CORP","Results":[],"LocalNames":[],"Collected":true,"FailureReason":null},{"ObjectIdentifier":"S-1-5-21-253487801-221673152-1815095224-1105-581","Name":"SYSTEM MANAGED ACCOUNTS GROUP@EXAMVM.CITADEL.CORP","Results":[],"LocalNames":[],"Collected":true,"FailureReason":null},{"ObjectIdentifier":"S-1-5-21-253487801-221673152-1815095224-1105-545","Name":"USERS@EXAMVM.CITADEL.CORP","Results":[{"ObjectIdentifier":"CITADEL.CORP-S-1-5-11","ObjectType":"Group"},{"ObjectIdentifier":"S-1-5-21-253487801-221673152-1815095224-513","ObjectType":"Group"}],"LocalNames":[],"Collected":true,"FailureReason":null}],"UserRights":[{"Privilege":"SeRemoteInteractiveLogonRight","Results":[{"ObjectIdentifier":"S-1-5-21-253487801-221673152-1815095224-1105-555","ObjectType":"LocalGroup"},{"ObjectIdentifier":"S-1-5-21-253487801-221673152-1815095224-1105-544","ObjectType":"LocalGroup"}],"LocalNames":[],"Collected":true,"FailureReason":null}],"DCRegistryData":{"CertificateMappingMethods":null,"StrongCertificateBindingEnforcement":null},"Status":null,"IsDC":false,"DomainSID":"S-1-5-21-253487801-221673152-1815095224","Aces":[{"PrincipalSID":"S-1-5-21-253487801-221673152-1815095224-512","PrincipalType":"Group","RightName":"Owns","IsInherited":false},{"PrincipalSID":"CITADEL.CORP-S-1-5-32-548","PrincipalType":"Group","RightName":"GenericAll","IsInherited":false},{"PrincipalSID":"S-1-5-21-253487801-221673152-1815095224-512","PrincipalType":"Group","RightName":"GenericAll","IsInherited":false},{"PrincipalSID":"S-1-5-21-253487801-221673152-1815095224-512","PrincipalType":"Group","RightName":"WriteAccountRestrictions","IsInherited":false},{"PrincipalSID":"S-1-5-21-253487801-221673152-1815095224-526","PrincipalType":"Group","RightName":"AddKeyCredentialLink","IsInherited":true},{"PrincipalSID":"S-1-5-21-253487801-221673152-1815095224-527","PrincipalType":"Group","RightName":"AddKeyCredentialLink","IsInherited":true},{"PrincipalSID":"S-1-5-21-253487801-221673152-1815095224-519","PrincipalType":"Group","RightName":"GenericAll","IsInherited":true},{"PrincipalSID":"CITADEL.CORP-S-1-5-32-544","PrincipalType":"Group","RightName":"WriteDacl","IsInherited":true},{"PrincipalSID":"CITADEL.CORP-S-1-5-32-544","PrincipalType":"Group","RightName":"WriteOwner","IsInherited":true},{"PrincipalSID":"CITADEL.CORP-S-1-5-32-544","PrincipalType":"Group","RightName":"GenericWrite","IsInherited":true}],"ObjectIdentifier":"S-1-5-21-253487801-221673152-1815095224-1105","IsDeleted":false,"IsACLProtected":false,"ContainedBy":{"ObjectIdentifier":"2463F52D-5DB8-47B3-9FDA-C312003789F2","ObjectType":"Container"}},{"Properties":{"domain":"CITADEL.CORP","name":"CITADEL-DC.CITADEL.CORP","distinguishedname":"CN=CITADEL-DC,OU=DOMAIN CONTROLLERS,DC=CITADEL,DC=CORP","domainsid":"S-1-5-21-253487801-221673152-1815095224","samaccountname":"CITADEL-DC$","haslaps":false,"isaclprotected":false,"description":null,"whencreated":1644389422,"enabled":true,"unconstraineddelegation":true,"trustedtoauth":false,"isdc":true,"lastlogon":1738661857,"lastlogontimestamp":1738661328,"pwdlastset":1738661325,"serviceprincipalnames":["Dfsr-12F9A27C-BF97-4787-9364-D31B6C55EB04/citadel-dc.citadel.corp","ldap/citadel-dc.citadel.corp/ForestDnsZones.citadel.corp","ldap/citadel-dc.citadel.corp/DomainDnsZones.citadel.corp","TERMSRV/CITADEL-DC","TERMSRV/citadel-dc.citadel.corp","DNS/citadel-dc.citadel.corp","GC/citadel-dc.citadel.corp/citadel.corp","RestrictedKrbHost/citadel-dc.citadel.corp","RestrictedKrbHost/CITADEL-DC","RPC/5e0932ab-e334-422c-8579-a92f035eb843._msdcs.citadel.corp","HOST/CITADEL-DC/CITADEL","HOST/citadel-dc.citadel.corp/CITADEL","HOST/CITADEL-DC","HOST/citadel-dc.citadel.corp","HOST/citadel-dc.citadel.corp/citadel.corp","E3514235-4B06-11D1-AB04-00C04FC2DCD2/5e0932ab-e334-422c-8579-a92f035eb843/citadel.corp","ldap/CITADEL-DC/CITADEL","ldap/5e0932ab-e334-422c-8579-a92f035eb843._msdcs.citadel.corp","ldap/citadel-dc.citadel.corp/CITADEL","ldap/CITADEL-DC","ldap/citadel-dc.citadel.corp","ldap/citadel-dc.citadel.corp/citadel.corp"],"email":null,"operatingsystem":"Windows Server 2019 Standard","sidhistory":[]},"PrimaryGroupSID":"S-1-5-21-253487801-221673152-1815095224-516","AllowedToDelegate":[],"AllowedToAct":[],"HasSIDHistory":[],"DumpSMSAPassword":[],"Sessions":{"Results":[],"Collected":false,"FailureReason":"ErrorAccessDenied"},"PrivilegedSessions":{"Results":[],"Collected":false,"FailureReason":"ErrorAccessDenied"},"RegistrySessions":{"Results":[],"Collected":true,"FailureReason":null},"LocalGroups":[{"ObjectIdentifier":"CITADEL.CORP-S-1-5-32-549","Name":"IGNOREME","Results":[],"LocalNames":[],"Collected":true,"FailureReason":null},{"ObjectIdentifier":"CITADEL.CORP-S-1-5-32-548","Name":"IGNOREME","Results":[],"LocalNames":[],"Collected":true,"FailureReason":null},{"ObjectIdentifier":"CITADEL.CORP-S-1-5-32-554","Name":"IGNOREME","Results":[{"ObjectIdentifier":"CITADEL.CORP-S-1-5-11","ObjectType":"Group"}],"LocalNames":[],"Collected":true,"FailureReason":null},{"ObjectIdentifier":"CITADEL.CORP-S-1-5-32-557","Name":"IGNOREME","Results":[],"LocalNames":[],"Collected":true,"FailureReason":null},{"ObjectIdentifier":"CITADEL.CORP-S-1-5-32-560","Name":"IGNOREME","Results":[{"ObjectIdentifier":"CITADEL.CORP-S-1-5-9","ObjectType":"Group"}],"LocalNames":[],"Collected":true,"FailureReason":null},{"ObjectIdentifier":"CITADEL.CORP-S-1-5-32-561","Name":"IGNOREME","Results":[],"LocalNames":[],"Collected":true,"FailureReason":null},{"ObjectIdentifier":"CITADEL.CORP-S-1-5-32-544","Name":"IGNOREME","Results":[{"ObjectIdentifier":"S-1-5-21-253487801-221673152-1815095224-500","ObjectType":"User"},{"ObjectIdentifier":"S-1-5-21-253487801-221673152-1815095224-519","ObjectType":"Group"},{"ObjectIdentifier":"S-1-5-21-253487801-221673152-1815095224-512","ObjectType":"Group"}],"LocalNames":[],"Collected":true,"FailureReason":null},{"ObjectIdentifier":"CITADEL.CORP-S-1-5-32-545","Name":"IGNOREME","Results":[{"ObjectIdentifier":"CITADEL.CORP-S-1-5-11","ObjectType":"Group"},{"ObjectIdentifier":"S-1-5-21-253487801-221673152-1815095224-513","ObjectType":"Group"}],"LocalNames":[],"Collected":true,"FailureReason":null},{"ObjectIdentifier":"CITADEL.CORP-S-1-5-32-546","Name":"IGNOREME","Results":[{"ObjectIdentifier":"S-1-5-21-253487801-221673152-1815095224-501","ObjectType":"User"},{"ObjectIdentifier":"S-1-5-21-253487801-221673152-1815095224-514","ObjectType":"Group"}],"LocalNames":[],"Collected":true,"FailureReason":null},{"ObjectIdentifier":"CITADEL.CORP-S-1-5-32-550","Name":"IGNOREME","Results":[],"LocalNames":[],"Collected":true,"FailureReason":null},{"ObjectIdentifier":"CITADEL.CORP-S-1-5-32-551","Name":"IGNOREME","Results":[],"LocalNames":[],"Collected":true,"FailureReason":null},{"ObjectIdentifier":"CITADEL.CORP-S-1-5-32-552","Name":"IGNOREME","Results":[],"LocalNames":[],"Collected":true,"FailureReason":null},{"ObjectIdentifier":"CITADEL.CORP-S-1-5-32-555","Name":"IGNOREME","Results":[],"LocalNames":[],"Collected":true,"FailureReason":null},{"ObjectIdentifier":"CITADEL.CORP-S-1-5-32-556","Name":"IGNOREME","Results":[],"LocalNames":[],"Collected":true,"FailureReason":null},{"ObjectIdentifier":"CITADEL.CORP-S-1-5-32-558","Name":"IGNOREME","Results":[],"LocalNames":[],"Collected":true,"FailureReason":null},{"ObjectIdentifier":"CITADEL.CORP-S-1-5-32-559","Name":"IGNOREME","Results":[],"LocalNames":[],"Collected":true,"FailureReason":null},{"ObjectIdentifier":"CITADEL.CORP-S-1-5-32-562","Name":"IGNOREME","Results":[],"LocalNames":[],"Collected":true,"FailureReason":null},{"ObjectIdentifier":"CITADEL.CORP-S-1-5-32-568","Name":"IGNOREME","Results":[{"ObjectIdentifier":"CITADEL.CORP-S-1-5-17","ObjectType":"Group"}],"LocalNames":[],"Collected":true,"FailureReason":null},{"ObjectIdentifier":"CITADEL.CORP-S-1-5-32-569","Name":"IGNOREME","Results":[],"LocalNames":[],"Collected":true,"FailureReason":null},{"ObjectIdentifier":"CITADEL.CORP-S-1-5-32-573","Name":"IGNOREME","Results":[],"LocalNames":[],"Collected":true,"FailureReason":null},{"ObjectIdentifier":"CITADEL.CORP-S-1-5-32-574","Name":"IGNOREME","Results":[],"LocalNames":[],"Collected":true,"FailureReason":null},{"ObjectIdentifier":"CITADEL.CORP-S-1-5-32-575","Name":"IGNOREME","Results":[],"LocalNames":[],"Collected":true,"FailureReason":null},{"ObjectIdentifier":"CITADEL.CORP-S-1-5-32-576","Name":"IGNOREME","Results":[],"LocalNames":[],"Collected":true,"FailureReason":null},{"ObjectIdentifier":"CITADEL.CORP-S-1-5-32-577","Name":"IGNOREME","Results":[],"LocalNames":[],"Collected":true,"FailureReason":null},{"ObjectIdentifier":"CITADEL.CORP-S-1-5-32-578","Name":"IGNOREME","Results":[],"LocalNames":[],"Collected":true,"FailureReason":null},{"ObjectIdentifier":"CITADEL.CORP-S-1-5-32-579","Name":"IGNOREME","Results":[],"LocalNames":[],"Collected":true,"FailureReason":null},{"ObjectIdentifier":"CITADEL.CORP-S-1-5-32-580","Name":"IGNOREME","Results":[],"LocalNames":[],"Collected":true,"FailureReason":null},{"ObjectIdentifier":"CITADEL.CORP-S-1-5-32-582","Name":"IGNOREME","Results":[],"LocalNames":[],"Collected":true,"FailureReason":null}],"UserRights":[{"Privilege":"SeRemoteInteractiveLogonRight","Results":[],"LocalNames":[],"Collected":false,"FailureReason":"LSAEnumerateAccountsWithUserRights returned StatusAccessDenied"}],"DCRegistryData":{"CertificateMappingMethods":{"Value":0,"Collected":false,"FailureReason":"User does not have the proper permissions to perform this operation"},"StrongCertificateBindingEnforcement":{"Value":0,"Collected":false,"FailureReason":"User does not have the proper permissions to perform this operation"}},"Status":null,"IsDC":true,"DomainSID":"S-1-5-21-253487801-221673152-1815095224","Aces":[{"PrincipalSID":"S-1-5-21-253487801-221673152-1815095224-512","PrincipalType":"Group","RightName":"Owns","IsInherited":false},{"PrincipalSID":"S-1-5-21-253487801-221673152-1815095224-512","PrincipalType":"Group","RightName":"GenericAll","IsInherited":false},{"PrincipalSID":"S-1-5-21-253487801-221673152-1815095224-512","PrincipalType":"Group","RightName":"WriteAccountRestrictions","IsInherited":false},{"PrincipalSID":"S-1-5-21-253487801-221673152-1815095224-526","PrincipalType":"Group","RightName":"AddKeyCredentialLink","IsInherited":true},{"PrincipalSID":"S-1-5-21-253487801-221673152-1815095224-527","PrincipalType":"Group","RightName":"AddKeyCredentialLink","IsInherited":true},{"PrincipalSID":"S-1-5-21-253487801-221673152-1815095224-519","PrincipalType":"Group","RightName":"GenericAll","IsInherited":true},{"PrincipalSID":"CITADEL.CORP-S-1-5-32-544","PrincipalType":"Group","RightName":"WriteDacl","IsInherited":true},{"PrincipalSID":"CITADEL.CORP-S-1-5-32-544","PrincipalType":"Group","RightName":"WriteOwner","IsInherited":true},{"PrincipalSID":"CITADEL.CORP-S-1-5-32-544","PrincipalType":"Group","RightName":"GenericWrite","IsInherited":true}],"ObjectIdentifier":"S-1-5-21-253487801-221673152-1815095224-1000","IsDeleted":false,"IsACLProtected":false,"ContainedBy":{"ObjectIdentifier":"947DFB39-5652-4A9B-A9F0-BD37130AFFA7","ObjectType":"OU"}}],"meta":{"methods":521215,"type":"computers","count":4,"version":6}}