{"data":[{"Properties":{"domain":"CITADEL.CORP","name":"ADMINISTRATOR@CITADEL.CORP","distinguishedname":"CN=ADMINISTRATOR,CN=USERS,DC=CITADEL,DC=CORP","domainsid":"S-1-5-21-253487801-221673152-1815095224","samaccountname":"Administrator","isaclprotected":true,"description":"Built-in account for administering the computer/domain","whencreated":1644389358,"sensitive":false,"dontreqpreauth":false,"passwordnotreqd":false,"unconstraineddelegation":false,"pwdneverexpires":true,"enabled":true,"trustedtoauth":false,"lastlogon":1738664565,"lastlogontimestamp":1738661527,"pwdlastset":1738661560,"serviceprincipalnames":[],"hasspn":false,"displayname":null,"email":null,"title":null,"homedirectory":null,"userpassword":null,"unixpassword":null,"unicodepassword":null,"sfupassword":null,"logonscript":null,"admincount":true,"sidhistory":[]},"AllowedToDelegate":[],"PrimaryGroupSID":"S-1-5-21-253487801-221673152-1815095224-513","HasSIDHistory":[],"SPNTargets":[],"Aces":[{"PrincipalSID":"S-1-5-21-253487801-221673152-1815095224-512","PrincipalType":"Group","RightName":"Owns","IsInherited":false},{"PrincipalSID":"CITADEL.CORP-S-1-5-32-544","PrincipalType":"Group","RightName":"WriteDacl","IsInherited":false},{"PrincipalSID":"CITADEL.CORP-S-1-5-32-544","PrincipalType":"Group","RightName":"WriteOwner","IsInherited":false},{"PrincipalSID":"CITADEL.CORP-S-1-5-32-544","PrincipalType":"Group","RightName":"AllExtendedRights","IsInherited":false},{"PrincipalSID":"CITADEL.CORP-S-1-5-32-544","PrincipalType":"Group","RightName":"GenericWrite","IsInherited":false},{"PrincipalSID":"S-1-5-21-253487801-221673152-1815095224-512","PrincipalType":"Group","RightName":"WriteDacl","IsInherited":false},{"PrincipalSID":"S-1-5-21-253487801-221673152-1815095224-512","PrincipalType":"Group","RightName":"WriteOwner","IsInherited":false},{"PrincipalSID":"S-1-5-21-253487801-221673152-1815095224-512","PrincipalType":"Group","RightName":"AllExtendedRights","IsInherited":false},{"PrincipalSID":"S-1-5-21-253487801-221673152-1815095224-512","PrincipalType":"Group","RightName":"GenericWrite","IsInherited":false},{"PrincipalSID":"S-1-5-21-253487801-221673152-1815095224-519","PrincipalType":"Group","RightName":"WriteDacl","IsInherited":false},{"PrincipalSID":"S-1-5-21-253487801-221673152-1815095224-519","PrincipalType":"Group","RightName":"WriteOwner","IsInherited":false},{"PrincipalSID":"S-1-5-21-253487801-221673152-1815095224-519","PrincipalType":"Group","RightName":"AllExtendedRights","IsInherited":false},{"PrincipalSID":"S-1-5-21-253487801-221673152-1815095224-519","PrincipalType":"Group","RightName":"GenericWrite","IsInherited":false}],"ObjectIdentifier":"S-1-5-21-253487801-221673152-1815095224-500","IsDeleted":false,"IsACLProtected":true,"ContainedBy":{"ObjectIdentifier":"FCFD9208-9342-41EF-8EB9-4BB2FF7329EB","ObjectType":"Container"}},{"Properties":{"domain":"CITADEL.CORP","name":"KRBTGT@CITADEL.CORP","distinguishedname":"CN=KRBTGT,CN=USERS,DC=CITADEL,DC=CORP","domainsid":"S-1-5-21-253487801-221673152-1815095224","samaccountname":"krbtgt","isaclprotected":true,"description":"Key Distribution Center Service Account","whencreated":1644389423,"sensitive":false,"dontreqpreauth":false,"passwordnotreqd":false,"unconstraineddelegation":false,"pwdneverexpires":false,"enabled":false,"trustedtoauth":false,"lastlogon":0,"lastlogontimestamp":-1,"pwdlastset":1738661558,"serviceprincipalnames":["kadmin/changepw"],"hasspn":true,"displayname":null,"email":null,"title":null,"homedirectory":null,"userpassword":null,"unixpassword":null,"unicodepassword":null,"sfupassword":null,"logonscript":null,"admincount":true,"sidhistory":[]},"AllowedToDelegate":[],"PrimaryGroupSID":"S-1-5-21-253487801-221673152-1815095224-513","HasSIDHistory":[],"SPNTargets":[],"Aces":[{"PrincipalSID":"S-1-5-21-253487801-221673152-1815095224-512","PrincipalType":"Group","RightName":"Owns","IsInherited":false},{"PrincipalSID":"CITADEL.CORP-S-1-5-32-544","PrincipalType":"Group","RightName":"WriteDacl","IsInherited":false},{"PrincipalSID":"CITADEL.CORP-S-1-5-32-544","PrincipalType":"Group","RightName":"WriteOwner","IsInherited":false},{"PrincipalSID":"CITADEL.CORP-S-1-5-32-544","PrincipalType":"Group","RightName":"AllExtendedRights","IsInherited":false},{"PrincipalSID":"CITADEL.CORP-S-1-5-32-544","PrincipalType":"Group","RightName":"GenericWrite","IsInherited":false},{"PrincipalSID":"S-1-5-21-253487801-221673152-1815095224-512","PrincipalType":"Group","RightName":"WriteDacl","IsInherited":false},{"PrincipalSID":"S-1-5-21-253487801-221673152-1815095224-512","PrincipalType":"Group","RightName":"WriteOwner","IsInherited":false},{"PrincipalSID":"S-1-5-21-253487801-221673152-1815095224-512","PrincipalType":"Group","RightName":"AllExtendedRights","IsInherited":false},{"PrincipalSID":"S-1-5-21-253487801-221673152-1815095224-512","PrincipalType":"Group","RightName":"GenericWrite","IsInherited":false},{"PrincipalSID":"S-1-5-21-253487801-221673152-1815095224-519","PrincipalType":"Group","RightName":"WriteDacl","IsInherited":false},{"PrincipalSID":"S-1-5-21-253487801-221673152-1815095224-519","PrincipalType":"Group","RightName":"WriteOwner","IsInherited":false},{"PrincipalSID":"S-1-5-21-253487801-221673152-1815095224-519","PrincipalType":"Group","RightName":"AllExtendedRights","IsInherited":false},{"PrincipalSID":"S-1-5-21-253487801-221673152-1815095224-519","PrincipalType":"Group","RightName":"GenericWrite","IsInherited":false}],"ObjectIdentifier":"S-1-5-21-253487801-221673152-1815095224-502","IsDeleted":false,"IsACLProtected":true,"ContainedBy":{"ObjectIdentifier":"FCFD9208-9342-41EF-8EB9-4BB2FF7329EB","ObjectType":"Container"}},{"Properties":{"domain":"CITADEL.CORP","name":"SHAREMANAGER@CITADEL.CORP","distinguishedname":"CN=SHARE MANAGER,CN=USERS,DC=CITADEL,DC=CORP","domainsid":"S-1-5-21-253487801-221673152-1815095224","samaccountname":"sharemanager","isaclprotected":false,"description":null,"whencreated":1657844189,"sensitive":false,"dontreqpreauth":false,"passwordnotreqd":false,"unconstraineddelegation":false,"pwdneverexpires":true,"enabled":true,"trustedtoauth":false,"lastlogon":1738664168,"lastlogontimestamp":1738664168,"pwdlastset":1657869389,"serviceprincipalnames":[],"hasspn":false,"displayname":"share manager","email":null,"title":null,"homedirectory":null,"userpassword":null,"unixpassword":null,"unicodepassword":null,"sfupassword":null,"logonscript":null,"admincount":false,"sidhistory":[]},"AllowedToDelegate":[],"PrimaryGroupSID":"S-1-5-21-253487801-221673152-1815095224-513","HasSIDHistory":[],"SPNTargets":[],"Aces":[{"PrincipalSID":"S-1-5-21-253487801-221673152-1815095224-512","PrincipalType":"Group","RightName":"Owns","IsInherited":false},{"PrincipalSID":"CITADEL.CORP-S-1-5-32-548","PrincipalType":"Group","RightName":"GenericAll","IsInherited":false},{"PrincipalSID":"S-1-5-21-253487801-221673152-1815095224-512","PrincipalType":"Group","RightName":"GenericAll","IsInherited":false},{"PrincipalSID":"S-1-5-21-253487801-221673152-1815095224-526","PrincipalType":"Group","RightName":"AddKeyCredentialLink","IsInherited":true},{"PrincipalSID":"S-1-5-21-253487801-221673152-1815095224-527","PrincipalType":"Group","RightName":"AddKeyCredentialLink","IsInherited":true},{"PrincipalSID":"S-1-5-21-253487801-221673152-1815095224-519","PrincipalType":"Group","RightName":"GenericAll","IsInherited":true},{"PrincipalSID":"CITADEL.CORP-S-1-5-32-544","PrincipalType":"Group","RightName":"WriteDacl","IsInherited":true},{"PrincipalSID":"CITADEL.CORP-S-1-5-32-544","PrincipalType":"Group","RightName":"WriteOwner","IsInherited":true},{"PrincipalSID":"CITADEL.CORP-S-1-5-32-544","PrincipalType":"Group","RightName":"AllExtendedRights","IsInherited":true},{"PrincipalSID":"CITADEL.CORP-S-1-5-32-544","PrincipalType":"Group","RightName":"GenericWrite","IsInherited":true}],"ObjectIdentifier":"S-1-5-21-253487801-221673152-1815095224-1109","IsDeleted":false,"IsACLProtected":false,"ContainedBy":{"ObjectIdentifier":"FCFD9208-9342-41EF-8EB9-4BB2FF7329EB","ObjectType":"Container"}},{"Properties":{"domain":"CITADEL.CORP","name":"SQLCONNECTOR@CITADEL.CORP","distinguishedname":"CN=SQL CONNECTOR,CN=USERS,DC=CITADEL,DC=CORP","domainsid":"S-1-5-21-253487801-221673152-1815095224","samaccountname":"sqlconnector","isaclprotected":false,"description":null,"whencreated":1657851402,"sensitive":false,"dontreqpreauth":false,"passwordnotreqd":false,"unconstraineddelegation":false,"pwdneverexpires":true,"enabled":true,"trustedtoauth":false,"lastlogon":1738667019,"lastlogontimestamp":1738661379,"pwdlastset":1657876602,"serviceprincipalnames":[],"hasspn":false,"displayname":"sql connector","email":null,"title":null,"homedirectory":null,"userpassword":null,"unixpassword":null,"unicodepassword":null,"sfupassword":null,"logonscript":null,"admincount":false,"sidhistory":[]},"AllowedToDelegate":[],"PrimaryGroupSID":"S-1-5-21-253487801-221673152-1815095224-513","HasSIDHistory":[],"SPNTargets":[],"Aces":[{"PrincipalSID":"S-1-5-21-253487801-221673152-1815095224-512","PrincipalType":"Group","RightName":"Owns","IsInherited":false},{"PrincipalSID":"CITADEL.CORP-S-1-5-32-548","PrincipalType":"Group","RightName":"GenericAll","IsInherited":false},{"PrincipalSID":"S-1-5-21-253487801-221673152-1815095224-512","PrincipalType":"Group","RightName":"GenericAll","IsInherited":false},{"PrincipalSID":"S-1-5-21-253487801-221673152-1815095224-526","PrincipalType":"Group","RightName":"AddKeyCredentialLink","IsInherited":true},{"PrincipalSID":"S-1-5-21-253487801-221673152-1815095224-527","PrincipalType":"Group","RightName":"AddKeyCredentialLink","IsInherited":true},{"PrincipalSID":"S-1-5-21-253487801-221673152-1815095224-519","PrincipalType":"Group","RightName":"GenericAll","IsInherited":true},{"PrincipalSID":"CITADEL.CORP-S-1-5-32-544","PrincipalType":"Group","RightName":"WriteDacl","IsInherited":true},{"PrincipalSID":"CITADEL.CORP-S-1-5-32-544","PrincipalType":"Group","RightName":"WriteOwner","IsInherited":true},{"PrincipalSID":"CITADEL.CORP-S-1-5-32-544","PrincipalType":"Group","RightName":"AllExtendedRights","IsInherited":true},{"PrincipalSID":"CITADEL.CORP-S-1-5-32-544","PrincipalType":"Group","RightName":"GenericWrite","IsInherited":true}],"ObjectIdentifier":"S-1-5-21-253487801-221673152-1815095224-1110","IsDeleted":false,"IsACLProtected":false,"ContainedBy":{"ObjectIdentifier":"FCFD9208-9342-41EF-8EB9-4BB2FF7329EB","ObjectType":"Container"}},{"Properties":{"domain":"CITADEL.CORP","name":"STUDENTUSER@CITADEL.CORP","distinguishedname":"CN=STUDENTUSER,CN=USERS,DC=CITADEL,DC=CORP","domainsid":"S-1-5-21-253487801-221673152-1815095224","samaccountname":"studentuser","isaclprotected":false,"description":null,"whencreated":1658371054,"sensitive":false,"dontreqpreauth":false,"passwordnotreqd":false,"unconstraineddelegation":false,"pwdneverexpires":true,"enabled":true,"trustedtoauth":false,"lastlogon":1738666843,"lastlogontimestamp":1738661909,"pwdlastset":1738664568,"serviceprincipalnames":[],"hasspn":false,"displayname":"studentuser","email":null,"title":null,"homedirectory":null,"userpassword":null,"unixpassword":null,"unicodepassword":null,"sfupassword":null,"logonscript":null,"admincount":false,"sidhistory":[]},"AllowedToDelegate":[],"PrimaryGroupSID":"S-1-5-21-253487801-221673152-1815095224-513","HasSIDHistory":[],"SPNTargets":[],"Aces":[{"PrincipalSID":"S-1-5-21-253487801-221673152-1815095224-512","PrincipalType":"Group","RightName":"Owns","IsInherited":false},{"PrincipalSID":"CITADEL.CORP-S-1-5-32-548","PrincipalType":"Group","RightName":"GenericAll","IsInherited":false},{"PrincipalSID":"S-1-5-21-253487801-221673152-1815095224-512","PrincipalType":"Group","RightName":"GenericAll","IsInherited":false},{"PrincipalSID":"S-1-5-21-253487801-221673152-1815095224-526","PrincipalType":"Group","RightName":"AddKeyCredentialLink","IsInherited":true},{"PrincipalSID":"S-1-5-21-253487801-221673152-1815095224-527","PrincipalType":"Group","RightName":"AddKeyCredentialLink","IsInherited":true},{"PrincipalSID":"S-1-5-21-253487801-221673152-1815095224-519","PrincipalType":"Group","RightName":"GenericAll","IsInherited":true},{"PrincipalSID":"CITADEL.CORP-S-1-5-32-544","PrincipalType":"Group","RightName":"WriteDacl","IsInherited":true},{"PrincipalSID":"CITADEL.CORP-S-1-5-32-544","PrincipalType":"Group","RightName":"WriteOwner","IsInherited":true},{"PrincipalSID":"CITADEL.CORP-S-1-5-32-544","PrincipalType":"Group","RightName":"AllExtendedRights","IsInherited":true},{"PrincipalSID":"CITADEL.CORP-S-1-5-32-544","PrincipalType":"Group","RightName":"GenericWrite","IsInherited":true}],"ObjectIdentifier":"S-1-5-21-253487801-221673152-1815095224-1113","IsDeleted":false,"IsACLProtected":false,"ContainedBy":{"ObjectIdentifier":"FCFD9208-9342-41EF-8EB9-4BB2FF7329EB","ObjectType":"Container"}},{"Properties":{"domain":"CITADEL.CORP","name":"GUEST@CITADEL.CORP","distinguishedname":"CN=GUEST,CN=USERS,DC=CITADEL,DC=CORP","domainsid":"S-1-5-21-253487801-221673152-1815095224","samaccountname":"Guest","isaclprotected":false,"description":"Built-in account for guest access to the computer/domain","whencreated":1644389358,"sensitive":false,"dontreqpreauth":false,"passwordnotreqd":true,"unconstraineddelegation":false,"pwdneverexpires":true,"enabled":false,"trustedtoauth":false,"lastlogon":0,"lastlogontimestamp":-1,"pwdlastset":0,"serviceprincipalnames":[],"hasspn":false,"displayname":null,"email":null,"title":null,"homedirectory":null,"userpassword":null,"unixpassword":null,"unicodepassword":null,"sfupassword":null,"logonscript":null,"admincount":false,"sidhistory":[]},"AllowedToDelegate":[],"PrimaryGroupSID":"S-1-5-21-253487801-221673152-1815095224-514","HasSIDHistory":[],"SPNTargets":[],"Aces":[{"PrincipalSID":"CITADEL.CORP-S-1-5-32-544","PrincipalType":"Group","RightName":"Owns","IsInherited":false},{"PrincipalSID":"CITADEL.CORP-S-1-5-32-548","PrincipalType":"Group","RightName":"GenericAll","IsInherited":false},{"PrincipalSID":"S-1-5-21-253487801-221673152-1815095224-512","PrincipalType":"Group","RightName":"GenericAll","IsInherited":false},{"PrincipalSID":"S-1-5-21-253487801-221673152-1815095224-526","PrincipalType":"Group","RightName":"AddKeyCredentialLink","IsInherited":true},{"PrincipalSID":"S-1-5-21-253487801-221673152-1815095224-527","PrincipalType":"Group","RightName":"AddKeyCredentialLink","IsInherited":true},{"PrincipalSID":"S-1-5-21-253487801-221673152-1815095224-519","PrincipalType":"Group","RightName":"GenericAll","IsInherited":true},{"PrincipalSID":"CITADEL.CORP-S-1-5-32-544","PrincipalType":"Group","RightName":"WriteDacl","IsInherited":true},{"PrincipalSID":"CITADEL.CORP-S-1-5-32-544","PrincipalType":"Group","RightName":"WriteOwner","IsInherited":true},{"PrincipalSID":"CITADEL.CORP-S-1-5-32-544","PrincipalType":"Group","RightName":"AllExtendedRights","IsInherited":true},{"PrincipalSID":"CITADEL.CORP-S-1-5-32-544","PrincipalType":"Group","RightName":"GenericWrite","IsInherited":true}],"ObjectIdentifier":"S-1-5-21-253487801-221673152-1815095224-501","IsDeleted":false,"IsACLProtected":false,"ContainedBy":{"ObjectIdentifier":"FCFD9208-9342-41EF-8EB9-4BB2FF7329EB","ObjectType":"Container"}}],"meta":{"methods":521215,"type":"users","count":6,"version":6}}