{"data":[{"Properties":{"domain":"CITADEL.CORP","name":"TASKRUNNERS@CITADEL.CORP","distinguishedname":"CN={3E157974-92B1-4703-B021-93F9A341D681},CN=POLICIES,CN=SYSTEM,DC=CITADEL,DC=CORP","domainsid":"S-1-5-21-253487801-221673152-1815095224","isaclprotected":true,"description":null,"whencreated":1658813964,"gpcpath":"\\\\CITADEL.CORP\\SYSVOL\\CITADEL.CORP\\POLICIES\\{3E157974-92B1-4703-B021-93F9A341D681}"},"Aces":[{"PrincipalSID":"S-1-5-21-253487801-221673152-1815095224-512","PrincipalType":"Group","RightName":"Owns","IsInherited":false},{"PrincipalSID":"S-1-5-21-253487801-221673152-1815095224-512","PrincipalType":"Group","RightName":"WriteDacl","IsInherited":false},{"PrincipalSID":"S-1-5-21-253487801-221673152-1815095224-512","PrincipalType":"Group","RightName":"WriteOwner","IsInherited":false},{"PrincipalSID":"S-1-5-21-253487801-221673152-1815095224-512","PrincipalType":"Group","RightName":"GenericWrite","IsInherited":false},{"PrincipalSID":"S-1-5-21-253487801-221673152-1815095224-519","PrincipalType":"Group","RightName":"WriteDacl","IsInherited":false},{"PrincipalSID":"S-1-5-21-253487801-221673152-1815095224-519","PrincipalType":"Group","RightName":"WriteOwner","IsInherited":false},{"PrincipalSID":"S-1-5-21-253487801-221673152-1815095224-519","PrincipalType":"Group","RightName":"GenericWrite","IsInherited":false}],"ObjectIdentifier":"5CBD76BD-BD0F-4D0A-AAF8-07D02987F7C3","IsDeleted":false,"IsACLProtected":true,"ContainedBy":null},{"Properties":{"domain":"CITADEL.CORP","name":"DEFAULT DOMAIN CONTROLLERS POLICY@CITADEL.CORP","distinguishedname":"CN={6AC1786C-016F-11D2-945F-00C04FB984F9},CN=POLICIES,CN=SYSTEM,DC=CITADEL,DC=CORP","domainsid":"S-1-5-21-253487801-221673152-1815095224","isaclprotected":true,"description":null,"whencreated":1644389354,"gpcpath":"\\\\CITADEL.CORP\\SYSVOL\\CITADEL.CORP\\POLICIES\\{6AC1786C-016F-11D2-945F-00C04FB984F9}"},"Aces":[{"PrincipalSID":"S-1-5-21-253487801-221673152-1815095224-512","PrincipalType":"Group","RightName":"Owns","IsInherited":false},{"PrincipalSID":"S-1-5-21-253487801-221673152-1815095224-512","PrincipalType":"Group","RightName":"WriteDacl","IsInherited":false},{"PrincipalSID":"S-1-5-21-253487801-221673152-1815095224-512","PrincipalType":"Group","RightName":"WriteOwner","IsInherited":false},{"PrincipalSID":"S-1-5-21-253487801-221673152-1815095224-512","PrincipalType":"Group","RightName":"GenericWrite","IsInherited":false},{"PrincipalSID":"S-1-5-21-253487801-221673152-1815095224-512","PrincipalType":"Group","RightName":"WriteDacl","IsInherited":false},{"PrincipalSID":"S-1-5-21-253487801-221673152-1815095224-512","PrincipalType":"Group","RightName":"WriteOwner","IsInherited":false},{"PrincipalSID":"S-1-5-21-253487801-221673152-1815095224-512","PrincipalType":"Group","RightName":"GenericWrite","IsInherited":false},{"PrincipalSID":"S-1-5-21-253487801-221673152-1815095224-519","PrincipalType":"Group","RightName":"WriteDacl","IsInherited":false},{"PrincipalSID":"S-1-5-21-253487801-221673152-1815095224-519","PrincipalType":"Group","RightName":"WriteOwner","IsInherited":false},{"PrincipalSID":"S-1-5-21-253487801-221673152-1815095224-519","PrincipalType":"Group","RightName":"GenericWrite","IsInherited":false}],"ObjectIdentifier":"583FD7C2-9567-434E-A074-E0E2EAA3DBC6","IsDeleted":false,"IsACLProtected":true,"ContainedBy":null},{"Properties":{"domain":"CITADEL.CORP","name":"DEFAULT DOMAIN POLICY@CITADEL.CORP","distinguishedname":"CN={31B2F340-016D-11D2-945F-00C04FB984F9},CN=POLICIES,CN=SYSTEM,DC=CITADEL,DC=CORP","domainsid":"S-1-5-21-253487801-221673152-1815095224","isaclprotected":true,"description":null,"whencreated":1644389354,"gpcpath":"\\\\CITADEL.CORP\\SYSVOL\\CITADEL.CORP\\POLICIES\\{31B2F340-016D-11D2-945F-00C04FB984F9}"},"Aces":[{"PrincipalSID":"S-1-5-21-253487801-221673152-1815095224-512","PrincipalType":"Group","RightName":"Owns","IsInherited":false},{"PrincipalSID":"S-1-5-21-253487801-221673152-1815095224-512","PrincipalType":"Group","RightName":"WriteDacl","IsInherited":false},{"PrincipalSID":"S-1-5-21-253487801-221673152-1815095224-512","PrincipalType":"Group","RightName":"WriteOwner","IsInherited":false},{"PrincipalSID":"S-1-5-21-253487801-221673152-1815095224-512","PrincipalType":"Group","RightName":"GenericWrite","IsInherited":false},{"PrincipalSID":"S-1-5-21-253487801-221673152-1815095224-512","PrincipalType":"Group","RightName":"WriteDacl","IsInherited":false},{"PrincipalSID":"S-1-5-21-253487801-221673152-1815095224-512","PrincipalType":"Group","RightName":"WriteOwner","IsInherited":false},{"PrincipalSID":"S-1-5-21-253487801-221673152-1815095224-512","PrincipalType":"Group","RightName":"GenericWrite","IsInherited":false},{"PrincipalSID":"S-1-5-21-253487801-221673152-1815095224-519","PrincipalType":"Group","RightName":"WriteDacl","IsInherited":false},{"PrincipalSID":"S-1-5-21-253487801-221673152-1815095224-519","PrincipalType":"Group","RightName":"WriteOwner","IsInherited":false},{"PrincipalSID":"S-1-5-21-253487801-221673152-1815095224-519","PrincipalType":"Group","RightName":"GenericWrite","IsInherited":false}],"ObjectIdentifier":"157FE877-03D4-47E5-930A-475750218DC5","IsDeleted":false,"IsACLProtected":true,"ContainedBy":null}],"meta":{"methods":521215,"type":"gpos","count":3,"version":6}}