{"data":[{"GPOChanges":{"LocalAdmins":[],"RemoteDesktopUsers":[],"DcomUsers":[],"PSRemoteUsers":[],"AffectedComputers":[{"ObjectIdentifier":"S-1-5-21-253487801-221673152-1815095224-1000","ObjectType":"Computer"},{"ObjectIdentifier":"S-1-5-21-253487801-221673152-1815095224-1104","ObjectType":"Computer"},{"ObjectIdentifier":"S-1-5-21-253487801-221673152-1815095224-1105","ObjectType":"Computer"},{"ObjectIdentifier":"S-1-5-21-253487801-221673152-1815095224-1106","ObjectType":"Computer"}]},"Properties":{"domain":"CITADEL.CORP","name":"CITADEL.CORP","distinguishedname":"DC=CITADEL,DC=CORP","domainsid":"S-1-5-21-253487801-221673152-1815095224","isaclprotected":false,"description":null,"whencreated":1644389332,"functionallevel":"2016","collected":true},"ChildObjects":[],"Trusts":[{"TargetDomainSid":"S-1-5-21-525452939-2440030252-1192466273","TargetDomainName":"GLACIS.CORP","IsTransitive":true,"SidFilteringEnabled":false,"TrustDirection":"Bidirectional","TrustType":"Forest"}],"Links":[{"IsEnforced":false,"GUID":"157FE877-03D4-47E5-930A-475750218DC5"}],"Aces":[{"PrincipalSID":"CITADEL.CORP-S-1-5-32-544","PrincipalType":"Group","RightName":"Owns","IsInherited":false},{"PrincipalSID":"CITADEL.CORP-S-1-5-32-544","PrincipalType":"Group","RightName":"WriteDacl","IsInherited":false},{"PrincipalSID":"CITADEL.CORP-S-1-5-32-544","PrincipalType":"Group","RightName":"WriteOwner","IsInherited":false},{"PrincipalSID":"CITADEL.CORP-S-1-5-32-544","PrincipalType":"Group","RightName":"AllExtendedRights","IsInherited":false},{"PrincipalSID":"S-1-5-21-253487801-221673152-1815095224-512","PrincipalType":"Group","RightName":"WriteDacl","IsInherited":false},{"PrincipalSID":"S-1-5-21-253487801-221673152-1815095224-512","PrincipalType":"Group","RightName":"WriteOwner","IsInherited":false},{"PrincipalSID":"S-1-5-21-253487801-221673152-1815095224-512","PrincipalType":"Group","RightName":"AllExtendedRights","IsInherited":false},{"PrincipalSID":"S-1-5-21-253487801-221673152-1815095224-519","PrincipalType":"Group","RightName":"GenericAll","IsInherited":false},{"PrincipalSID":"CITADEL.CORP-S-1-5-9","PrincipalType":"Group","RightName":"GetChanges","IsInherited":false},{"PrincipalSID":"CITADEL.CORP-S-1-5-9","PrincipalType":"Group","RightName":"GetChangesInFilteredSet","IsInherited":false},{"PrincipalSID":"CITADEL.CORP-S-1-5-32-544","PrincipalType":"Group","RightName":"GetChanges","IsInherited":false},{"PrincipalSID":"CITADEL.CORP-S-1-5-32-544","PrincipalType":"Group","RightName":"GetChangesAll","IsInherited":false},{"PrincipalSID":"CITADEL.CORP-S-1-5-32-544","PrincipalType":"Group","RightName":"GetChangesInFilteredSet","IsInherited":false},{"PrincipalSID":"S-1-5-21-253487801-221673152-1815095224-498","PrincipalType":"Group","RightName":"GetChanges","IsInherited":false},{"PrincipalSID":"S-1-5-21-253487801-221673152-1815095224-516","PrincipalType":"Group","RightName":"GetChangesAll","IsInherited":false},{"PrincipalSID":"S-1-5-21-253487801-221673152-1815095224-1104","PrincipalType":"Computer","RightName":"GetChanges","IsInherited":false},{"PrincipalSID":"S-1-5-21-253487801-221673152-1815095224-1104","PrincipalType":"Computer","RightName":"GetChangesInFilteredSet","IsInherited":false},{"PrincipalSID":"S-1-5-21-253487801-221673152-1815095224-1104","PrincipalType":"Computer","RightName":"GetChangesAll","IsInherited":false}],"ObjectIdentifier":"S-1-5-21-253487801-221673152-1815095224","IsDeleted":false,"IsACLProtected":false,"ContainedBy":null}],"meta":{"methods":521215,"type":"domains","count":1,"version":6}}